Workbook
Name _________lk05: [1]analisa!$I$42
Name ________lk05: [1]analisa!$I$42
Name _______lk05: [1]analisa!$I$42
Name ______lk05: [1]analisa!$I$42
Name _____EEE07: '[2]ANALISA ALAT'!$AW$15
Name _____EEE30: '[2]ANALISA ALAT'!$AW$38
Name _____EEE31: '[2]ANALISA ALAT'!$AW$39
Name _____lk05: [1]analisa!$I$42
Name _____MMM04: [3]UPAH!$F$57
Name _____MMM09: [2]UPAH!$F$59
Name _____MMM10: [3]UPAH!$F$63
Name _____MMM11: [3]UPAH!$F$64
Name _____MMM16: [2]UPAH!$F$68
Name _____MMM19: [3]UPAH!$F$78
Name _____MMM37: [2]UPAH!$F$95
Name _____MMM39: [3]UPAH!$F$99
Name ____lk05: [1]analisa!$I$42
Name ____xlnm._FilterDatabase: NA()
Name ___lk05: [1]analisa!$I$42
Name ___xlnm._FilterDatabase_1: NA()
Name __1A: NA()
Name __1A_11: NA()
Name __1A_12: NA()
Name __1A_13: NA()
Name __1A_14: NA()
Name __1A_15: NA()
Name __1A_16: NA()
Name __1A_17: NA()
Name __1A_18: NA()
Name __1A_3: NA()
Name __1A_4: NA()
Name __1A_5: NA()
Name __1A_6: NA()
Name __1A_7: NA()
Name __BET135: [6]anlisa!$P$143
Name __DIN12: [6]anlisa!$P$85
Name __DIN15: [6]anlisa!$P$95
Name __lk05: [1]analisa!$I$42
Name __LT4040: [6]anlisa!$P$540
Name __MDE01: [7]an.alat!$BO$28
Name __MDE02: [7]an.alat!$BO$49
Name __MDE03: [7]an.alat!$BO$66
Name __MDE04: [7]an.alat!$BO$86
Name __MDE05: [7]an.alat!$BO$106
Name __MDE06: [7]an.alat!$BO$124
Name __MDE07: [7]an.alat!$BO$144
Name __MDE08: [7]an.alat!$BO$164
Name __MDE09: [7]an.alat!$BO$183
Name __MDE10: [7]an.alat!$BO$203
Name __MDE11: [7]an.alat!$BO$223
Name __MDE12: [7]an.alat!$BO$241
Name __MDE13: [7]an.alat!$BO$261
Name __MDE14: [7]an.alat!$BO$281
Name __MDE15: [7]an.alat!$BO$299
Name __MDE16: [7]an.alat!$BO$319
Name __MDE17: [7]an.alat!$BO$339
Name __MDE18: [7]an.alat!$BO$357
Name __MDE19: [7]an.alat!$BO$377
Name __MDE20: [7]an.alat!$BO$397
Name __MDE21: [7]an.alat!$BO$415

Sheet Cover
E6: PEKERJAAN
C7: PEMBUATAN INTERIOR KANTOR REGIONAL III PT ASDP INDONESIA FERRY
E8: PAKUWON TOWER LANTAI 22
E9: SURABAYA
E11: LAPORAN MINGGUAN
E12: (WEEKLY REPORT)
J21: Minggu | K21: Start | L21: End | M21: Start | N21: End
J22: 1 | K22: 46226 | L22: =K22+3 -> 46229 | M22: =K22 -> 46226 | N22: =L22 -> 46229
J23: =J22+1 -> 2 | K23: =L22+1 -> 46230 | L23: =K23+6 -> 46236 | M23: =K23 -> 46230 | N23: =L23 -> 46236
J24: =J23+1 -> 3 | K24: =L23+1 -> 46237 | L24: =K24+6 -> 46243 | M24: =K24 -> 46237 | N24: =L24 -> 46243
J25: =J24+1 -> 4 | K25: =L24+1 -> 46244 | L25: =K25+6 -> 46250 | M25: =K25 -> 46244 | N25: =L25 -> 46250
J26: =J25+1 -> 5 | K26: =L25+1 -> 46251 | L26: =K26+6 -> 46257 | M26: =K26 -> 46251 | N26: =L26 -> 46257
J27: =J26+1 -> 6 | K27: =L26+1 -> 46258 | L27: =K27+6 -> 46264 | M27: =K27 -> 46258 | N27: =L27 -> 46264
J28: =J27+1 -> 7 | K28: =L27+1 -> 46265 | L28: =K28+6 -> 46271 | M28: =K28 -> 46265 | N28: =L28 -> 46271
J29: =J28+1 -> 8 | K29: =L28+1 -> 46272 | L29: =K29+6 -> 46278 | M29: =K29 -> 46272 | N29: =L29 -> 46278
J30: =J29+1 -> 9 | K30: =L29+1 -> 46279 | L30: =K30+6 -> 46285 | M30: =K30 -> 46279 | N30: =L30 -> 46285
E32: PERIODE :
E33: MINGGU KE
E34: 5
D35: =VLOOKUP(E34,mingguanptasdp,2) -> 46251 | E35: hingga | F35: =VLOOKUP(E34,mingguanptasdp,3) -> 46257
E41: =K22 -> 46226

Sheet Rekap_Prog
B1: PROGRES PEKERJAAN
B2: =Cover!C7 -> PEMBUATAN INTERIOR KANTOR REGIONAL III PT ASDP INDONESIA FERRY
B3: Pakuwon Tower Lantai 22, Jl. Embong Malang No. 32-36, Kedungdoro, Kec. Tegalsari | I3: Week : | J3: 1 | O3: Week : | P3: =J3+1 -> 2 | U3: Week : | V3: =P3+1 -> 3 | AA3: Week : | AB3: =V3+1 -> 4 | AG3: Week : | AH3: =AB3+1 -> 5 | AM3: Week : | AN3: =AH3+1 -> 6 | AS3: Week : | AT3: =AN3+1 -> 7 | AY3: Week : | AZ3: =AT3+1 -> 8 | BE3: Week : | BF3: =AZ3+1 -> 9
B4: Surabaya | I4: Mulai : | J4: =VLOOKUP(J3,mingguanptasdp,2) -> 46226 | O4: Mulai : | P4: =VLOOKUP(P3,mingguanptasdp,2) -> 46230 | U4: Mulai : | V4: =VLOOKUP(V3,mingguanptasdp,2) -> 46237 | AA4: Mulai : | AB4: =VLOOKUP(AB3,mingguanptasdp,2) -> 46244 | AG4: Mulai : | AH4: =VLOOKUP(AH3,mingguanptasdp,2) -> 46251 | AM4: Mulai : | AN4: =VLOOKUP(AN3,mingguanptasdp,2) -> 46258 | AS4: Mulai : | AT4: =VLOOKUP(AT3,mingguanptasdp,2) -> 46265 | AY4: Mulai : | AZ4: =VLOOKUP(AZ3,mingguanptasdp,2) -> 46272 | BE4: Mulai : | BF4: =VLOOKUP(BF3,mingguanptasdp,2) -> 46279
I5: Hingga : | J5: =VLOOKUP(J3,mingguanptasdp,3) -> 46229 | O5: Hingga : | P5: =VLOOKUP(P3,mingguanptasdp,3) -> 46236 | U5: Hingga : | V5: =VLOOKUP(V3,mingguanptasdp,3) -> 46243 | AA5: Hingga : | AB5: =VLOOKUP(AB3,mingguanptasdp,3) -> 46250 | AG5: Hingga : | AH5: =VLOOKUP(AH3,mingguanptasdp,3) -> 46257 | AM5: Hingga : | AN5: =VLOOKUP(AN3,mingguanptasdp,3) -> 46264 | AS5: Hingga : | AT5: =VLOOKUP(AT3,mingguanptasdp,3) -> 46271 | AY5: Hingga : | AZ5: =VLOOKUP(AZ3,mingguanptasdp,3) -> 46278 | BE5: Hingga : | BF5: =VLOOKUP(BF3,mingguanptasdp,3) -> 46285
B6: NO | C6: ITEM PEKERJAAN | D6: BOBOT | E6: KEMAJUAN PEKERJAAN MINGGUAN | K6: KEMAJUAN PEKERJAAN MINGGUAN | Q6: KEMAJUAN PEKERJAAN MINGGUAN | W6: KEMAJUAN PEKERJAAN MINGGUAN | AC6: KEMAJUAN PEKERJAAN MINGGUAN | AI6: KEMAJUAN PEKERJAAN MINGGUAN | AO6: KEMAJUAN PEKERJAAN MINGGUAN | AU6: KEMAJUAN PEKERJAAN MINGGUAN | BA6: KEMAJUAN PEKERJAAN MINGGUAN
E7: MINGGU LALU | G7: MINGGU INI | I7: S/D MINGGU INI | K7: MINGGU LALU | M7: MINGGU INI | O7: S/D MINGGU INI | Q7: MINGGU LALU | S7: MINGGU INI | U7: S/D MINGGU INI | W7: MINGGU LALU | Y7: MINGGU INI | AA7: S/D MINGGU INI | AC7: MINGGU LALU | AE7: MINGGU INI | AG7: S/D MINGGU INI | AI7: MINGGU LALU | AK7: MINGGU INI | AM7: S/D MINGGU INI | AO7: MINGGU LALU | AQ7: MINGGU INI | AS7: S/D MINGGU INI | AU7: MINGGU LALU | AW7: MINGGU INI | AY7: S/D MINGGU INI | BA7: MINGGU LALU | BC7: MINGGU INI | BE7: S/D MINGGU INI
E8: PRESTASI % | F8: BOBOT % | G8: PRESTASI % | H8: BOBOT % | I8: PRESTASI % | J8: BOBOT % | K8: PRESTASI % | L8: BOBOT % | M8: PRESTASI % | N8: BOBOT % | O8: PRESTASI % | P8: BOBOT % | Q8: PRESTASI % | R8: BOBOT % | S8: PRESTASI % | T8: BOBOT % | U8: PRESTASI % | V8: BOBOT % | W8: PRESTASI % | X8: BOBOT % | Y8: PRESTASI % | Z8: BOBOT % | AA8: PRESTASI % | AB8: BOBOT % | AC8: PRESTASI % | AD8: BOBOT % | AE8: PRESTASI % | AF8: BOBOT % | AG8: PRESTASI % | AH8: BOBOT % | AI8: PRESTASI % | AJ8: BOBOT % | AK8: PRESTASI % | AL8: BOBOT % | AM8: PRESTASI % | AN8: BOBOT % | AO8: PRESTASI % | AP8: BOBOT % | AQ8: PRESTASI % | AR8: BOBOT % | AS8: PRESTASI % | AT8: BOBOT % | AU8: PRESTASI % | AV8: BOBOT % | AW8: PRESTASI % | AX8: BOBOT % | AY8: PRESTASI % | AZ8: BOBOT % | BA8: PRESTASI % | BB8: BOBOT % | BC8: PRESTASI % | BD8: BOBOT % | BE8: PRESTASI % | BF8: BOBOT %
B9: 1 | C9: =B9+1 -> 2 | D9: =C9+1 -> 3 | E9: 4 | F9: =E9+1 -> 5 | G9: =F9+1 -> 6 | H9: =G9+1 -> 7 | I9: =H9+1 -> 8 | J9: =I9+1 -> 9 | K9: 4 | L9: =K9+1 -> 5 | M9: =L9+1 -> 6 | N9: =M9+1 -> 7 | O9: =N9+1 -> 8 | P9: =O9+1 -> 9 | Q9: 4 | R9: =Q9+1 -> 5 | S9: =R9+1 -> 6 | T9: =S9+1 -> 7 | U9: =T9+1 -> 8 | V9: =U9+1 -> 9 | W9: 4 | X9: =W9+1 -> 5 | Y9: =X9+1 -> 6 | Z9: =Y9+1 -> 7 | AA9: =Z9+1 -> 8 | AB9: =AA9+1 -> 9 | AC9: 4 | AD9: =AC9+1 -> 5 | AE9: =AD9+1 -> 6 | AF9: =AE9+1 -> 7 | AG9: =AF9+1 -> 8 | AH9: =AG9+1 -> 9 | AI9: 4 | AJ9: =AI9+1 -> 5 | AK9: =AJ9+1 -> 6 | AL9: =AK9+1 -> 7 | AM9: =AL9+1 -> 8 | AN9: =AM9+1 -> 9 | AO9: 4 | AP9: =AO9+1 -> 5 | AQ9: =AP9+1 -> 6 | AR9: =AQ9+1 -> 7 | AS9: =AR9+1 -> 8 | AT9: =AS9+1 -> 9 | AU9: 4 | AV9: =AU9+1 -> 5 | AW9: =AV9+1 -> 6 | AX9: =AW9+1 -> 7 | AY9: =AX9+1 -> 8 | AZ9: =AY9+1 -> 9 | BA9: 4 | BB9: =BA9+1 -> 5 | BC9: =BB9+1 -> 6 | BD9: =BC9+1 -> 7 | BE9: =BD9+1 -> 8 | BF9: =BE9+1 -> 9
B11: I | C11: PEKERJAAN PERSIAPAN | D11: =SUM(Rincian_Prog!I12:I20) -> 9.3291246 | E11: =F11/$D11 -> 0 | F11: =SUM(Rincian_Prog!K12:K20) -> 0 | G11: =H11/$D11 -> 0 | H11: =SUM(Rincian_Prog!M12:M20) -> 0 | I11: =J11/$D11 -> 0 | J11: =SUM(Rincian_Prog!O12:O20) -> 0 | K11: =L11/$D11 -> 0 | L11: =SUM(Rincian_Prog!Q12:Q20) -> 0 | M11: =N11/$D11 -> 0 | N11: =SUM(Rincian_Prog!S12:S20) -> 0 | O11: =P11/$D11 -> 0 | P11: =SUM(Rincian_Prog!U12:U20) -> 0 | Q11: =R11/$D11 -> 0 | R11: =SUM(Rincian_Prog!W12:W20) -> 0 | S11: =T11/$D11 -> 0.14368853 | T11: =SUM(Rincian_Prog!Y12:Y20) -> 1.3404882 | U11: =V11/$D11 -> 0.14368853 | V11: =SUM(Rincian_Prog!AA12:AA20) -> 1.3404882 | W11: =X11/$D11 -> 0.14368853 | X11: =SUM(Rincian_Prog!AC12:AC20) -> 1.3404882 | Y11: =Z11/$D11 -> 0.78322656 | Z11: =SUM(Rincian_Prog!AE12:AE20) -> 7.3068182 | AA11: =AB11/$D11 -> 0.9269151 | AB11: =SUM(Rincian_Prog!AG12:AG20) -> 8.6473064 | AC11: =AD11/$D11 -> 0.9269151 | AD11: =SUM(Rincian_Prog!AI12:AI20) -> 8.6473064 | AE11: =AF11/$D11 -> 0.024361635 | AF11: =SUM(Rincian_Prog!AK12:AK20) -> 0.22727273 | AG11: =AH11/$D11 -> 0.95127673 | AH11: =SUM(Rincian_Prog!AM12:AM20) -> 8.8745791 | AI11: =AJ11/$D11 -> 0.95127673 | AJ11: =SUM(Rincian_Prog!AO12:AO20) -> 8.8745791 | AK11: =AL11/$D11 -> 0.012180817 | AL11: =SUM(Rincian_Prog!AQ12:AQ20) -> 0.11363636 | AM11: =AN11/$D11 -> 0.96345755 | AN11: =SUM(Rincian_Prog!AS12:AS20) -> 8.9882155 | AO11: =AP11/$D11 -> 0.96345755 | AP11: =SUM(Rincian_Prog!AU12:AU20) -> 8.9882155 | AQ11: =AR11/$D11 -> -0.96345755 | AR11: =SUM(Rincian_Prog!AW12:AW20) -> -8.9882155 | AS11: =AT11/$D11 -> 0 | AT11: =SUM(Rincian_Prog!AY12:AY20) -> 0 | AU11: =AV11/$D11 -> 0 | AV11: =SUM(Rincian_Prog!BA12:BA20) -> 0 | AW11: =AX11/$D11 -> 0 | AX11: =SUM(Rincian_Prog!BC12:BC20) -> 0 | AY11: =AZ11/$D11 -> 0 | AZ11: =SUM(Rincian_Prog!BE12:BE20) -> 0 | BA11: =BB11/$D11 -> 0 | BB11: =SUM(Rincian_Prog!BG12:BG20) -> 0 | BC11: =BD11/$D11 -> 0 | BD11: =SUM(Rincian_Prog!BI12:BI20) -> 0 | BE11: =BF11/$D11 -> 0 | BF11: =SUM(Rincian_Prog!BK12:BK20) -> 0
B13: II | C13: PEKERJAAN FIT OUT INTERIOR DAN ARSITEKTUR
B14: II.A | C14: Pekerjaan Ruang Staff & Resepsionis | D14: =SUM(Rincian_Prog!I27:I55) -> 35.219991 | E14: =F14/$D14 -> 0 | F14: =SUM(Rincian_Prog!K27:K55) -> 0 | G14: =H14/$D14 -> 0 | H14: =SUM(Rincian_Prog!M27:M55) -> 0 | I14: =J14/$D14 -> 0 | J14: =SUM(Rincian_Prog!O27:O55) -> 0 | K14: =L14/$D14 -> 0 | L14: =SUM(Rincian_Prog!Q27:Q55) -> 0 | M14: =N14/$D14 -> 0 | N14: =SUM(Rincian_Prog!S27:S55) -> 0 | O14: =P14/$D14 -> 0 | P14: =SUM(Rincian_Prog!U27:U55) -> 0 | Q14: =R14/$D14 -> 0 | R14: =SUM(Rincian_Prog!W27:W55) -> 0 | S14: =T14/$D14 -> 0.057470669 | T14: =SUM(Rincian_Prog!Y27:Y55) -> 2.0241164 | U14: =V14/$D14 -> 0.057470669 | V14: =SUM(Rincian_Prog!AA27:AA55) -> 2.0241164 | W14: =X14/$D14 -> 0.057470669 | X14: =SUM(Rincian_Prog!AC27:AC55) -> 2.0241164 | Y14: =Z14/$D14 -> 0.18328243 | Z14: =SUM(Rincian_Prog!AE27:AE55) -> 6.4552054 | AA14: =AB14/$D14 -> 0.2407531 | AB14: =SUM(Rincian_Prog!AG27:AG55) -> 8.4793218 | AC14: =AD14/$D14 -> 0.2407531 | AD14: =SUM(Rincian_Prog!AI27:AI55) -> 8.4793218 | AE14: =AF14/$D14 -> 0.094358819 | AF14: =SUM(Rincian_Prog!AK27:AK55) -> 3.3233167 | AG14: =AH14/$D14 -> 0.33511192 | AH14: =SUM(Rincian_Prog!AM27:AM55) -> 11.802639 | AI14: =AJ14/$D14 -> 0.33511192 | AJ14: =SUM(Rincian_Prog!AO27:AO55) -> 11.802639 | AK14: =AL14/$D14 -> 0.13822323 | AL14: =SUM(Rincian_Prog!AQ27:AQ55) -> 4.8682209 | AM14: =AN14/$D14 -> 0.47333515 | AN14: =SUM(Rincian_Prog!AS27:AS55) -> 16.670859 | AO14: =AP14/$D14 -> 0.47333515 | AP14: =SUM(Rincian_Prog!AU27:AU55) -> 16.670859 | AQ14: =AR14/$D14 -> -0.47333515 | AR14: =SUM(Rincian_Prog!AW27:AW55) -> -16.670859 | AS14: =AT14/$D14 -> 0 | AT14: =SUM(Rincian_Prog!AY27:AY55) -> 0 | AU14: =AV14/$D14 -> 0 | AV14: =SUM(Rincian_Prog!BA27:BA55) -> 0 | AW14: =AX14/$D14 -> 0 | AX14: =SUM(Rincian_Prog!BC27:BC55) -> 0 | AY14: =AZ14/$D14 -> 0 | AZ14: =SUM(Rincian_Prog!BE27:BE55) -> 0 | BA14: =BB14/$D14 -> 0 | BB14: =SUM(Rincian_Prog!BG27:BG55) -> 0 | BC14: =BD14/$D14 -> 0 | BD14: =SUM(Rincian_Prog!BI27:BI55) -> 0 | BE14: =BF14/$D14 -> 0 | BF14: =SUM(Rincian_Prog!BK27:BK55) -> 0
B16: II.C | C16: Pekerjaan Ruang VIP | D16: =SUM(Rincian_Prog!I62:I128) -> 21.323992 | E16: =F16/$D16 -> 0 | F16: =SUM(Rincian_Prog!K62:K128) -> 0 | G16: =H16/$D16 -> 0 | H16: =SUM(Rincian_Prog!M62:M128) -> 0 | I16: =J16/$D16 -> 0 | J16: =SUM(Rincian_Prog!O62:O128) -> 0 | K16: =L16/$D16 -> 0 | L16: =SUM(Rincian_Prog!Q62:Q128) -> 0 | M16: =N16/$D16 -> 0 | N16: =SUM(Rincian_Prog!S62:S128) -> 0 | O16: =P16/$D16 -> 0 | P16: =SUM(Rincian_Prog!U62:U128) -> 0 | Q16: =R16/$D16 -> 0 | R16: =SUM(Rincian_Prog!W62:W128) -> 0 | S16: =T16/$D16 -> 0.020495054 | T16: =SUM(Rincian_Prog!Y62:Y128) -> 0.43703636 | U16: =V16/$D16 -> 0.020495054 | V16: =SUM(Rincian_Prog!AA62:AA128) -> 0.43703636 | W16: =X16/$D16 -> 0.020495054 | X16: =SUM(Rincian_Prog!AC62:AC128) -> 0.43703636 | Y16: =Z16/$D16 -> 0.065361744 | Z16: =SUM(Rincian_Prog!AE62:AE128) -> 1.3937733 | AA16: =AB16/$D16 -> 0.085856798 | AB16: =SUM(Rincian_Prog!AG62:AG128) -> 1.8308097 | AC16: =AD16/$D16 -> 0.085856798 | AD16: =SUM(Rincian_Prog!AI62:AI128) -> 1.8308097 | AE16: =AF16/$D16 -> 0.1209599 | AF16: =SUM(Rincian_Prog!AK62:AK128) -> 2.579348 | AG16: =AH16/$D16 -> 0.2068167 | AH16: =SUM(Rincian_Prog!AM62:AM128) -> 4.4101577 | AI16: =AJ16/$D16 -> 0.2068167 | AJ16: =SUM(Rincian_Prog!AO62:AO128) -> 4.4101577 | AK16: =AL16/$D16 -> 0.31661081 | AL16: =SUM(Rincian_Prog!AQ62:AQ128) -> 6.7514066 | AM16: =AN16/$D16 -> 0.52342751 | AN16: =SUM(Rincian_Prog!AS62:AS128) -> 11.161564 | AO16: =AP16/$D16 -> 0.52342751 | AP16: =SUM(Rincian_Prog!AU62:AU128) -> 11.161564 | AQ16: =AR16/$D16 -> -0.52342751 | AR16: =SUM(Rincian_Prog!AW62:AW128) -> -11.161564 | AS16: =AT16/$D16 -> 0 | AT16: =SUM(Rincian_Prog!AY62:AY128) -> 0 | AU16: =AV16/$D16 -> 0 | AV16: =SUM(Rincian_Prog!BA62:BA128) -> 0 | AW16: =AX16/$D16 -> 0 | AX16: =SUM(Rincian_Prog!BC62:BC128) -> 0 | AY16: =AZ16/$D16 -> 0 | AZ16: =SUM(Rincian_Prog!BE62:BE128) -> 0 | BA16: =BB16/$D16 -> 0 | BB16: =SUM(Rincian_Prog!BG62:BG128) -> 0 | BC16: =BD16/$D16 -> 0 | BD16: =SUM(Rincian_Prog!BI62:BI128) -> 0 | BE16: =BF16/$D16 -> 0 | BF16: =SUM(Rincian_Prog!BK62:BK128) -> 0
B18: II.D | C18: Pekerjaan Ruang Executive Director | D18: =SUM(Rincian_Prog!I134:I163) -> 11.097262 | E18: =F18/$D18 -> 0 | F18: =SUM(Rincian_Prog!K134:K163) -> 0 | G18: =H18/$D18 -> 0 | H18: =SUM(Rincian_Prog!M134:M163) -> 0 | I18: =J18/$D18 -> 0 | J18: =SUM(Rincian_Prog!O134:O163) -> 0 | K18: =L18/$D18 -> 0 | L18: =SUM(Rincian_Prog!Q134:Q163) -> 0 | M18: =N18/$D18 -> 0 | N18: =SUM(Rincian_Prog!S134:S163) -> 0 | O18: =P18/$D18 -> 0 | P18: =SUM(Rincian_Prog!U134:U163) -> 0 | Q18: =R18/$D18 -> 0 | R18: =SUM(Rincian_Prog!W134:W163) -> 0 | S18: =T18/$D18 -> 0.022842903 | T18: =SUM(Rincian_Prog!Y134:Y163) -> 0.25349369 | U18: =V18/$D18 -> 0.022842903 | V18: =SUM(Rincian_Prog!AA134:AA163) -> 0.25349369 | W18: =X18/$D18 -> 0.022842903 | X18: =SUM(Rincian_Prog!AC134:AC163) -> 0.25349369 | Y18: =Z18/$D18 -> 0.072849382 | Z18: =SUM(Rincian_Prog!AE134:AE163) -> 0.8084287 | AA18: =AB18/$D18 -> 0.095692285 | AB18: =SUM(Rincian_Prog!AG134:AG163) -> 1.0619224 | AC18: =AD18/$D18 -> 0.095692285 | AD18: =SUM(Rincian_Prog!AI134:AI163) -> 1.0619224 | AE18: =AF18/$D18 -> 0.1293869 | AF18: =SUM(Rincian_Prog!AK134:AK163) -> 1.4358403 | AG18: =AH18/$D18 -> 0.22507918 | AH18: =SUM(Rincian_Prog!AM134:AM163) -> 2.4977627 | AI18: =AJ18/$D18 -> 0.22507918 | AJ18: =SUM(Rincian_Prog!AO134:AO163) -> 2.4977627 | AK18: =AL18/$D18 -> 0.26377745 | AL18: =SUM(Rincian_Prog!AQ134:AQ163) -> 2.9272075 | AM18: =AN18/$D18 -> 0.48885663 | AN18: =SUM(Rincian_Prog!AS134:AS163) -> 5.4249702 | AO18: =AP18/$D18 -> 0.48885663 | AP18: =SUM(Rincian_Prog!AU134:AU163) -> 5.4249702 | AQ18: =AR18/$D18 -> -0.48885663 | AR18: =SUM(Rincian_Prog!AW134:AW163) -> -5.4249702 | AS18: =AT18/$D18 -> 0 | AT18: =SUM(Rincian_Prog!AY134:AY163) -> 0 | AU18: =AV18/$D18 -> 0 | AV18: =SUM(Rincian_Prog!BA134:BA163) -> 0 | AW18: =AX18/$D18 -> 0 | AX18: =SUM(Rincian_Prog!BC134:BC163) -> 0 | AY18: =AZ18/$D18 -> 0 | AZ18: =SUM(Rincian_Prog!BE134:BE163) -> 0 | BA18: =BB18/$D18 -> 0 | BB18: =SUM(Rincian_Prog!BG134:BG163) -> 0 | BC18: =BD18/$D18 -> 0 | BD18: =SUM(Rincian_Prog!BI134:BI163) -> 0 | BE18: =BF18/$D18 -> 0 | BF18: =SUM(Rincian_Prog!BK134:BK163) -> 0
B20: III | C20: PEKERJAAN MEKANIKAL ELEKTRIKAL
B21: III.A | C21: Pekerjaan Elektrikal | D21: =SUM(Rincian_Prog!I171:I191) -> 22.673401 | E21: =F21/$D21 -> 0 | F21: =SUM(Rincian_Prog!K171:K191) -> 0 | G21: =H21/$D21 -> 0 | H21: =SUM(Rincian_Prog!M171:M191) -> 0 | I21: =J21/$D21 -> 0 | J21: =SUM(Rincian_Prog!O171:O191) -> 0 | K21: =L21/$D21 -> 0 | L21: =SUM(Rincian_Prog!Q171:Q191) -> 0 | M21: =N21/$D21 -> 0 | N21: =SUM(Rincian_Prog!S171:S191) -> 0 | O21: =P21/$D21 -> 0 | P21: =SUM(Rincian_Prog!U171:U191) -> 0 | Q21: =R21/$D21 -> 0 | R21: =SUM(Rincian_Prog!W171:W191) -> 0 | S21: =T21/$D21 -> 0 | T21: =SUM(Rincian_Prog!Y171:Y191) -> 0 | U21: =V21/$D21 -> 0 | V21: =SUM(Rincian_Prog!AA171:AA191) -> 0 | W21: =X21/$D21 -> 0 | X21: =SUM(Rincian_Prog!AC171:AC191) -> 0 | Y21: =Z21/$D21 -> 0 | Z21: =SUM(Rincian_Prog!AE171:AE191) -> 0 | AA21: =AB21/$D21 -> 0 | AB21: =SUM(Rincian_Prog!AG171:AG191) -> 0 | AC21: =AD21/$D21 -> 0 | AD21: =SUM(Rincian_Prog!AI171:AI191) -> 0 | AE21: =AF21/$D21 -> 0.20242204 | AF21: =SUM(Rincian_Prog!AK171:AK191) -> 4.589596 | AG21: =AH21/$D21 -> 0.20242204 | AH21: =SUM(Rincian_Prog!AM171:AM191) -> 4.589596 | AI21: =AJ21/$D21 -> 0.20242204 | AJ21: =SUM(Rincian_Prog!AO171:AO191) -> 4.589596 | AK21: =AL21/$D21 -> 0.10878675 | AL21: =SUM(Rincian_Prog!AQ171:AQ191) -> 2.4665657 | AM21: =AN21/$D21 -> 0.31120879 | AN21: =SUM(Rincian_Prog!AS171:AS191) -> 7.0561616 | AO21: =AP21/$D21 -> 0.31120879 | AP21: =SUM(Rincian_Prog!AU171:AU191) -> 7.0561616 | AQ21: =AR21/$D21 -> -0.31120879 | AR21: =SUM(Rincian_Prog!AW171:AW191) -> -7.0561616 | AS21: =AT21/$D21 -> 0 | AT21: =SUM(Rincian_Prog!AY171:AY191) -> 0 | AU21: =AV21/$D21 -> 0 | AV21: =SUM(Rincian_Prog!BA171:BA191) -> 0 | AW21: =AX21/$D21 -> 0 | AX21: =SUM(Rincian_Prog!BC171:BC191) -> 0 | AY21: =AZ21/$D21 -> 0 | AZ21: =SUM(Rincian_Prog!BE171:BE191) -> 0 | BA21: =BB21/$D21 -> 0 | BB21: =SUM(Rincian_Prog!BG171:BG191) -> 0 | BC21: =BD21/$D21 -> 0 | BD21: =SUM(Rincian_Prog!BI171:BI191) -> 0 | BE21: =BF21/$D21 -> 0 | BF21: =SUM(Rincian_Prog!BK171:BK191) -> 0
B23: III.B | C23: Pekerjaan Exhaust Fan | D23: =SUM(Rincian_Prog!I193:I194) -> 0.35622963 | E23: =F23/$D23 -> 0 | F23: =SUM(Rincian_Prog!K193:K194) -> 0 | G23: =H23/$D23 -> 0 | H23: =SUM(Rincian_Prog!M193:M194) -> 0 | I23: =J23/$D23 -> 0 | J23: =SUM(Rincian_Prog!O193:O194) -> 0 | K23: =L23/$D23 -> 0 | L23: =SUM(Rincian_Prog!Q193:Q194) -> 0 | M23: =N23/$D23 -> 0 | N23: =SUM(Rincian_Prog!S193:S194) -> 0 | O23: =P23/$D23 -> 0 | P23: =SUM(Rincian_Prog!U193:U194) -> 0 | Q23: =R23/$D23 -> 0 | R23: =SUM(Rincian_Prog!W193:W194) -> 0 | S23: =T23/$D23 -> 0 | T23: =SUM(Rincian_Prog!Y193:Y194) -> 0 | U23: =V23/$D23 -> 0 | V23: =SUM(Rincian_Prog!AA193:AA194) -> 0 | W23: =X23/$D23 -> 0 | X23: =SUM(Rincian_Prog!AC193:AC194) -> 0 | Y23: =Z23/$D23 -> 0 | Z23: =SUM(Rincian_Prog!AE193:AE194) -> 0 | AA23: =AB23/$D23 -> 0 | AB23: =SUM(Rincian_Prog!AG193:AG194) -> 0 | AC23: =AD23/$D23 -> 0 | AD23: =SUM(Rincian_Prog!AI193:AI194) -> 0 | AE23: =AF23/$D23 -> 0 | AF23: =SUM(Rincian_Prog!AK193:AK194) -> 0 | AG23: =AH23/$D23 -> 0 | AH23: =SUM(Rincian_Prog!AM193:AM194) -> 0 | AI23: =AJ23/$D23 -> 0 | AJ23: =SUM(Rincian_Prog!AO193:AO194) -> 0 | AK23: =AL23/$D23 -> 0 | AL23: =SUM(Rincian_Prog!AQ193:AQ194) -> 0 | AM23: =AN23/$D23 -> 0 | AN23: =SUM(Rincian_Prog!AS193:AS194) -> 0 | AO23: =AP23/$D23 -> 0 | AP23: =SUM(Rincian_Prog!AU193:AU194) -> 0 | AQ23: =AR23/$D23 -> 0 | AR23: =SUM(Rincian_Prog!AW193:AW194) -> 0 | AS23: =AT23/$D23 -> 0 | AT23: =SUM(Rincian_Prog!AY193:AY194) -> 0 | AU23: =AV23/$D23 -> 0 | AV23: =SUM(Rincian_Prog!BA193:BA194) -> 0 | AW23: =AX23/$D23 -> 0 | AX23: =SUM(Rincian_Prog!BC193:BC194) -> 0 | AY23: =AZ23/$D23 -> 0 | AZ23: =SUM(Rincian_Prog!BE193:BE194) -> 0 | BA23: =BB23/$D23 -> 0 | BB23: =SUM(Rincian_Prog!BG193:BG194) -> 0 | BC23: =BD23/$D23 -> 0 | BD23: =SUM(Rincian_Prog!BI193:BI194) -> 0 | BE23: =BF23/$D23 -> 0 | BF23: =SUM(Rincian_Prog!BK193:BK194) -> 0
D25: =SUM(D10:D24) -> 100 | F25: =SUM(F10:F24) -> 0 | H25: =SUM(H10:H24) -> 0 | J25: =SUM(J10:J24) -> 0 | L25: =SUM(L10:L24) -> 0 | N25: =SUM(N10:N24) -> 0 | P25: =SUM(P10:P24) -> 0 | R25: =SUM(R10:R24) -> 0 | T25: =SUM(T10:T24) -> 4.0551347 | V25: =SUM(V10:V24) -> 4.0551347 | X25: =SUM(X10:X24) -> 4.0551347 | Z25: =SUM(Z10:Z24) -> 15.964226 | AB25: =SUM(AB10:AB24) -> 20.01936 | AD25: =SUM(AD10:AD24) -> 20.01936 | AF25: =SUM(AF10:AF24) -> 12.155374 | AH25: =SUM(AH10:AH24) -> 32.174734 | AJ25: =SUM(AJ10:AJ24) -> 32.174734 | AL25: =SUM(AL10:AL24) -> 17.127037 | AN25: =SUM(AN10:AN24) -> 49.301771 | AP25: =SUM(AP10:AP24) -> 49.301771 | AR25: =SUM(AR10:AR24) -> -49.301771 | AT25: =SUM(AT10:AT24) -> 0 | AV25: =SUM(AV10:AV24) -> 0 | AX25: =SUM(AX10:AX24) -> 0 | AZ25: =SUM(AZ10:AZ24) -> 0 | BB25: =SUM(BB10:BB24) -> 0 | BD25: =SUM(BD10:BD24) -> 0 | BF25: =SUM(BF10:BF24) -> 0
C27: Rencana Minggu ini | D27: = | E27: ='T_Scedule Rkp'!E29 -> 0.31565657 | K27: ='T_Scedule Rkp'!F29 -> 3.4405388 | Q27: ='T_Scedule Rkp'!G29 -> 5.4508753 | W27: ='T_Scedule Rkp'!H29 -> 4.9888451 | AC27: ='T_Scedule Rkp'!I29 -> 5.1915539 | AI27: ='T_Scedule Rkp'!J29 -> 11.398858 | AO27: ='T_Scedule Rkp'!K29 -> 21.393093 | AU27: ='T_Scedule Rkp'!L29 -> 35.401067 | BA27: ='T_Scedule Rkp'!M29 -> 12.419512
C28: Rencana Kumulatif | D28: = | E28: ='T_Scedule Rkp'!E30 -> 0.31565657 | K28: ='T_Scedule Rkp'!F30 -> 3.7561954 | Q28: ='T_Scedule Rkp'!G30 -> 9.2070707 | W28: ='T_Scedule Rkp'!H30 -> 14.195916 | AC28: ='T_Scedule Rkp'!I30 -> 19.38747 | AI28: ='T_Scedule Rkp'!J30 -> 30.786328 | AO28: ='T_Scedule Rkp'!K30 -> 52.179421 | AU28: ='T_Scedule Rkp'!L30 -> 87.580488 | BA28: ='T_Scedule Rkp'!M30 -> 100
C29: Realisasi Minggu ini | D29: = | E29: =H25 -> 0 | K29: =N25 -> 0 | Q29: =T25 -> 4.0551347 | W29: =Z25 -> 15.964226 | AC29: =AF25 -> 12.155374 | AI29: =AL25 -> 17.127037 | AO29: =AR25 -> -49.301771 | AU29: =AX25 -> 0 | BA29: =BD25 -> 0
C30: Realisasi Kumulatif | D30: = | E30: =J25 -> 0 | K30: =P25 -> 0 | Q30: =V25 -> 4.0551347 | W30: =AB25 -> 20.01936 | AC30: =AH25 -> 32.174734 | AI30: =AN25 -> 49.301771 | AO30: =AT25 -> 0 | AU30: =AZ25 -> 0 | BA30: =BF25 -> 0
C31: Deviasi | D31: = | E31: =E30-E28 -> -0.31565657 | K31: =K30-K28 -> -3.7561954 | Q31: =Q30-Q28 -> -5.151936 | W31: =W30-W28 -> 5.8234444 | AC31: =AC30-AC28 -> 12.787264 | AI31: =AI30-AI28 -> 18.515444 | AO31: =AO30-AO28 -> -52.179421 | AU31: =AU30-AU28 -> -87.580488 | BA31: =BA30-BA28 -> -100

Sheet Rincian_Prog
B1: PROGRES PEKERJAAN
B2: =Cover!C7 -> PEMBUATAN INTERIOR KANTOR REGIONAL III PT ASDP INDONESIA FERRY
B3: Pakuwon Tower Lantai 22, Jl. Embong Malang No. 32-36, Kedungdoro, Kec. Tegalsari | N3: Week : | O3: 1 | T3: Week : | U3: =O3+1 -> 2 | Z3: Week : | AA3: =U3+1 -> 3 | AF3: Week : | AG3: =AA3+1 -> 4 | AL3: Week : | AM3: =AG3+1 -> 5 | AR3: Week : | AS3: =AM3+1 -> 6 | AX3: Week : | AY3: =AS3+1 -> 7 | BD3: Week : | BE3: =AY3+1 -> 8 | BJ3: Week : | BK3: =BE3+1 -> 9
B4: Surabaya | N4: Mulai : | O4: =VLOOKUP(O3,mingguanptasdp,2) -> 46226 | T4: Mulai : | U4: =VLOOKUP(U3,mingguanptasdp,2) -> 46230 | Z4: Mulai : | AA4: =VLOOKUP(AA3,mingguanptasdp,2) -> 46237 | AF4: Mulai : | AG4: =VLOOKUP(AG3,mingguanptasdp,2) -> 46244 | AL4: Mulai : | AM4: =VLOOKUP(AM3,mingguanptasdp,2) -> 46251 | AR4: Mulai : | AS4: =VLOOKUP(AS3,mingguanptasdp,2) -> 46258 | AX4: Mulai : | AY4: =VLOOKUP(AY3,mingguanptasdp,2) -> 46265 | BD4: Mulai : | BE4: =VLOOKUP(BE3,mingguanptasdp,2) -> 46272 | BJ4: Mulai : | BK4: =VLOOKUP(BK3,mingguanptasdp,2) -> 46279
N5: Hingga : | O5: =VLOOKUP(O3,mingguanptasdp,3) -> 46229 | T5: Hingga : | U5: =VLOOKUP(U3,mingguanptasdp,3) -> 46236 | Z5: Hingga : | AA5: =VLOOKUP(AA3,mingguanptasdp,3) -> 46243 | AF5: Hingga : | AG5: =VLOOKUP(AG3,mingguanptasdp,3) -> 46250 | AL5: Hingga : | AM5: =VLOOKUP(AM3,mingguanptasdp,3) -> 46257 | AR5: Hingga : | AS5: =VLOOKUP(AS3,mingguanptasdp,3) -> 46264 | AX5: Hingga : | AY5: =VLOOKUP(AY3,mingguanptasdp,3) -> 46271 | BD5: Hingga : | BE5: =VLOOKUP(BE3,mingguanptasdp,3) -> 46278 | BJ5: Hingga : | BK5: =VLOOKUP(BK3,mingguanptasdp,3) -> 46285
B6: NO | C6: ITEM PEKERJAAN | D6: KODE GBR | E6: VOLUME | F6: SATUAN | G6: HARGA SATUAN | H6: TOTAL HARGA | I6: BOBOT | J6: KEMAJUAN PEKERJAAN MINGGUAN | P6: KEMAJUAN PEKERJAAN MINGGUAN | V6: KEMAJUAN PEKERJAAN MINGGUAN | AB6: KEMAJUAN PEKERJAAN MINGGUAN | AH6: KEMAJUAN PEKERJAAN MINGGUAN | AN6: KEMAJUAN PEKERJAAN MINGGUAN | AT6: KEMAJUAN PEKERJAAN MINGGUAN | AZ6: KEMAJUAN PEKERJAAN MINGGUAN | BF6: KEMAJUAN PEKERJAAN MINGGUAN
J7: MINGGU LALU | L7: MINGGU INI | N7: S/D MINGGU INI | P7: MINGGU LALU | R7: MINGGU INI | T7: S/D MINGGU INI | V7: MINGGU LALU | X7: MINGGU INI | Z7: S/D MINGGU INI | AB7: MINGGU LALU | AD7: MINGGU INI | AF7: S/D MINGGU INI | AH7: MINGGU LALU | AJ7: MINGGU INI | AL7: S/D MINGGU INI | AN7: MINGGU LALU | AP7: MINGGU INI | AR7: S/D MINGGU INI | AT7: MINGGU LALU | AV7: MINGGU INI | AX7: S/D MINGGU INI | AZ7: MINGGU LALU | BB7: MINGGU INI | BD7: S/D MINGGU INI | BF7: MINGGU LALU | BH7: MINGGU INI | BJ7: S/D MINGGU INI
J8: PRESTASI % | K8: BOBOT % | L8: PRESTASI % | M8: BOBOT % | N8: PRESTASI % | O8: BOBOT % | P8: PRESTASI % | Q8: BOBOT % | R8: PRESTASI % | S8: BOBOT % | T8: PRESTASI % | U8: BOBOT % | V8: PRESTASI % | W8: BOBOT % | X8: PRESTASI % | Y8: BOBOT % | Z8: PRESTASI % | AA8: BOBOT % | AB8: PRESTASI % | AC8: BOBOT % | AD8: PRESTASI % | AE8: BOBOT % | AF8: PRESTASI % | AG8: BOBOT % | AH8: PRESTASI % | AI8: BOBOT % | AJ8: PRESTASI % | AK8: BOBOT % | AL8: PRESTASI % | AM8: BOBOT % | AN8: PRESTASI % | AO8: BOBOT % | AP8: PRESTASI % | AQ8: BOBOT % | AR8: PRESTASI % | AS8: BOBOT % | AT8: PRESTASI % | AU8: BOBOT % | AV8: PRESTASI % | AW8: BOBOT % | AX8: PRESTASI % | AY8: BOBOT % | AZ8: PRESTASI % | BA8: BOBOT % | BB8: PRESTASI % | BC8: BOBOT % | BD8: PRESTASI % | BE8: BOBOT % | BF8: PRESTASI % | BG8: BOBOT % | BH8: PRESTASI % | BI8: BOBOT % | BJ8: PRESTASI % | BK8: BOBOT %
B9: 1 | C9: =B9+1 -> 2 | I9: =C9+1 -> 3 | J9: 4 | K9: =J9+1 -> 5 | L9: =K9+1 -> 6 | M9: =L9+1 -> 7 | N9: =M9+1 -> 8 | O9: =N9+1 -> 9 | P9: 4 | Q9: =P9+1 -> 5 | R9: =Q9+1 -> 6 | S9: =R9+1 -> 7 | T9: =S9+1 -> 8 | U9: =T9+1 -> 9 | V9: 4 | W9: =V9+1 -> 5 | X9: =W9+1 -> 6 | Y9: =X9+1 -> 7 | Z9: =Y9+1 -> 8 | AA9: =Z9+1 -> 9 | AB9: 4 | AC9: =AB9+1 -> 5 | AD9: =AC9+1 -> 6 | AE9: =AD9+1 -> 7 | AF9: =AE9+1 -> 8 | AG9: =AF9+1 -> 9 | AH9: 4 | AI9: =AH9+1 -> 5 | AJ9: =AI9+1 -> 6 | AK9: =AJ9+1 -> 7 | AL9: =AK9+1 -> 8 | AM9: =AL9+1 -> 9 | AN9: 4 | AO9: =AN9+1 -> 5 | AP9: =AO9+1 -> 6 | AQ9: =AP9+1 -> 7 | AR9: =AQ9+1 -> 8 | AS9: =AR9+1 -> 9 | AT9: 4 | AU9: =AT9+1 -> 5 | AV9: =AU9+1 -> 6 | AW9: =AV9+1 -> 7 | AX9: =AW9+1 -> 8 | AY9: =AX9+1 -> 9 | AZ9: 4 | BA9: =AZ9+1 -> 5 | BB9: =BA9+1 -> 6 | BC9: =BB9+1 -> 7 | BD9: =BC9+1 -> 8 | BE9: =BD9+1 -> 9 | BF9: 4 | BG9: =BF9+1 -> 5 | BH9: =BG9+1 -> 6 | BI9: =BH9+1 -> 7 | BJ9: =BI9+1 -> 8 | BK9: =BJ9+1 -> 9
B11: I | C11: PEKERJAAN PERSIAPAN
B12: 1 | C12: Marking dan pengukuran ulang | E12: 250 | F12: m2 | G12: 12500 | H12: =G12*E12 -> 3125000 | I12: =(H12/$H$197)*100 -> 0.52609428 | J12: 0 | K12: =J12*$I12 -> 0 | L12: =N12-J12 -> 0 | M12: =L12*$I12 -> 0 | N12: 0 | O12: =N12*$I12 -> 0 | P12: =N12 -> 0 | Q12: =P12*$I12 -> 0 | R12: =T12-P12 -> 0 | S12: =R12*$I12 -> 0 | T12: 0 | U12: =T12*$I12 -> 0 | V12: =T12 -> 0 | W12: =V12*$I12 -> 0 | X12: =Z12-V12 -> 0.5 | Y12: =X12*$I12 -> 0.26304714 | Z12: 0.5 | AA12: =Z12*$I12 -> 0.26304714 | AB12: =Z12 -> 0.5 | AC12: =AB12*$I12 -> 0.26304714 | AD12: =AF12-AB12 -> 0.5 | AE12: =AD12*$I12 -> 0.26304714 | AF12: 1 | AG12: =AF12*$I12 -> 0.52609428 | AH12: =AF12 -> 1 | AI12: =AH12*$I12 -> 0.52609428 | AJ12: =AL12-AH12 -> 0 | AK12: =AJ12*$I12 -> 0 | AL12: 1 | AM12: =AL12*$I12 -> 0.52609428 | AN12: =AL12 -> 1 | AO12: =AN12*$I12 -> 0.52609428 | AP12: =AR12-AN12 -> 0 | AQ12: =AP12*$I12 -> 0 | AR12: 1 | AS12: =AR12*$I12 -> 0.52609428 | AT12: =AR12 -> 1 | AU12: =AT12*$I12 -> 0.52609428 | AV12: =AX12-AT12 -> -1 | AW12: =AV12*$I12 -> -0.52609428 | AX12: 0 | AY12: =AX12*$I12 -> 0 | AZ12: =AX12 -> 0 | BA12: =AZ12*$I12 -> 0 | BB12: =BD12-AZ12 -> 0 | BC12: =BB12*$I12 -> 0 | BD12: 0 | BE12: =BD12*$I12 -> 0 | BF12: =BD12 -> 0 | BG12: =BF12*$I12 -> 0 | BH12: =BJ12-BF12 -> 0 | BI12: =BH12*$I12 -> 0 | BJ12: 0 | BK12: =BJ12*$I12 -> 0
B13: 2 | C13: Mobilisasi dan demobilisasi (meliputi material & tenaga kerja) | E13: 1 | F13: ls | G13: 5000000 | H13: =G13*E13 -> 5000000 | I13: =(H13/$H$197)*100 -> 0.84175084 | J13: 0 | K13: =J13*$I13 -> 0 | L13: =N13-J13 -> 0 | M13: =L13*$I13 -> 0 | N13: 0 | O13: =N13*$I13 -> 0 | P13: =N13 -> 0 | Q13: =P13*$I13 -> 0 | R13: =T13-P13 -> 0 | S13: =R13*$I13 -> 0 | T13: 0 | U13: =T13*$I13 -> 0 | V13: =T13 -> 0 | W13: =V13*$I13 -> 0 | X13: =Z13-V13 -> 0 | Y13: =X13*$I13 -> 0 | Z13: 0 | AA13: =Z13*$I13 -> 0 | AB13: =Z13 -> 0 | AC13: =AB13*$I13 -> 0 | AD13: =AF13-AB13 -> 1 | AE13: =AD13*$I13 -> 0.84175084 | AF13: 1 | AG13: =AF13*$I13 -> 0.84175084 | AH13: =AF13 -> 1 | AI13: =AH13*$I13 -> 0.84175084 | AJ13: =AL13-AH13 -> 0 | AK13: =AJ13*$I13 -> 0 | AL13: 1 | AM13: =AL13*$I13 -> 0.84175084 | AN13: =AL13 -> 1 | AO13: =AN13*$I13 -> 0.84175084 | AP13: =AR13-AN13 -> 0 | AQ13: =AP13*$I13 -> 0 | AR13: 1 | AS13: =AR13*$I13 -> 0.84175084 | AT13: =AR13 -> 1 | AU13: =AT13*$I13 -> 0.84175084 | AV13: =AX13-AT13 -> -1 | AW13: =AV13*$I13 -> -0.84175084 | AX13: 0 | AY13: =AX13*$I13 -> 0 | AZ13: =AX13 -> 0 | BA13: =AZ13*$I13 -> 0 | BB13: =BD13-AZ13 -> 0 | BC13: =BB13*$I13 -> 0 | BD13: 0 | BE13: =BD13*$I13 -> 0 | BF13: =BD13 -> 0 | BG13: =BF13*$I13 -> 0 | BH13: =BJ13-BF13 -> 0 | BI13: =BH13*$I13 -> 0 | BJ13: 0 | BK13: =BJ13*$I13 -> 0
B14: 3 | C14: Biaya Air dan Listrik selama pekerjaan | E14: 2 | F14: bulan | G14: 4000000 | H14: =G14*E14 -> 8000000 | I14: =(H14/$H$197)*100 -> 1.3468013 | J14: 0 | K14: =J14*$I14 -> 0 | L14: =N14-J14 -> 0 | M14: =L14*$I14 -> 0 | N14: 0 | O14: =N14*$I14 -> 0 | P14: =N14 -> 0 | Q14: =P14*$I14 -> 0 | R14: =T14-P14 -> 0 | S14: =R14*$I14 -> 0 | T14: 0 | U14: =T14*$I14 -> 0 | V14: =T14 -> 0 | W14: =V14*$I14 -> 0 | X14: =Z14-V14 -> 0 | Y14: =X14*$I14 -> 0 | Z14: 0 | AA14: =Z14*$I14 -> 0 | AB14: =Z14 -> 0 | AC14: =AB14*$I14 -> 0 | AD14: =AF14-AB14 -> 1 | AE14: =AD14*$I14 -> 1.3468013 | AF14: 1 | AG14: =AF14*$I14 -> 1.3468013 | AH14: =AF14 -> 1 | AI14: =AH14*$I14 -> 1.3468013 | AJ14: =AL14-AH14 -> 0 | AK14: =AJ14*$I14 -> 0 | AL14: 1 | AM14: =AL14*$I14 -> 1.3468013 | AN14: =AL14 -> 1 | AO14: =AN14*$I14 -> 1.3468013 | AP14: =AR14-AN14 -> 0 | AQ14: =AP14*$I14 -> 0 | AR14: 1 | AS14: =AR14*$I14 -> 1.3468013 | AT14: =AR14 -> 1 | AU14: =AT14*$I14 -> 1.3468013 | AV14: =AX14-AT14 -> -1 | AW14: =AV14*$I14 -> -1.3468013 | AX14: 0 | AY14: =AX14*$I14 -> 0 | AZ14: =AX14 -> 0 | BA14: =AZ14*$I14 -> 0 | BB14: =BD14-AZ14 -> 0 | BC14: =BB14*$I14 -> 0 | BD14: 0 | BE14: =BD14*$I14 -> 0 | BF14: =BD14 -> 0 | BG14: =BF14*$I14 -> 0 | BH14: =BJ14-BF14 -> 0 | BI14: =BH14*$I14 -> 0 | BJ14: 0 | BK14: =BJ14*$I14 -> 0
B15: 4 | C15: Biaya pengamanan barang di lokasi | E15: 2 | F15: bulan | G15: 3450000 | H15: =G15*E15 -> 6900000 | I15: =(H15/$H$197)*100 -> 1.1616162 | J15: 0 | K15: =J15*$I15 -> 0 | L15: =N15-J15 -> 0 | M15: =L15*$I15 -> 0 | N15: 0 | O15: =N15*$I15 -> 0 | P15: =N15 -> 0 | Q15: =P15*$I15 -> 0 | R15: =T15-P15 -> 0 | S15: =R15*$I15 -> 0 | T15: 0 | U15: =T15*$I15 -> 0 | V15: =T15 -> 0 | W15: =V15*$I15 -> 0 | X15: =Z15-V15 -> 0 | Y15: =X15*$I15 -> 0 | Z15: 0 | AA15: =Z15*$I15 -> 0 | AB15: =Z15 -> 0 | AC15: =AB15*$I15 -> 0 | AD15: =AF15-AB15 -> 1 | AE15: =AD15*$I15 -> 1.1616162 | AF15: 1 | AG15: =AF15*$I15 -> 1.1616162 | AH15: =AF15 -> 1 | AI15: =AH15*$I15 -> 1.1616162 | AJ15: =AL15-AH15 -> 0 | AK15: =AJ15*$I15 -> 0 | AL15: 1 | AM15: =AL15*$I15 -> 1.1616162 | AN15: =AL15 -> 1 | AO15: =AN15*$I15 -> 1.1616162 | AP15: =AR15-AN15 -> 0 | AQ15: =AP15*$I15 -> 0 | AR15: 1 | AS15: =AR15*$I15 -> 1.1616162 | AT15: =AR15 -> 1 | AU15: =AT15*$I15 -> 1.1616162 | AV15: =AX15-AT15 -> -1 | AW15: =AV15*$I15 -> -1.1616162 | AX15: 0 | AY15: =AX15*$I15 -> 0 | AZ15: =AX15 -> 0 | BA15: =AZ15*$I15 -> 0 | BB15: =BD15-AZ15 -> 0 | BC15: =BB15*$I15 -> 0 | BD15: 0 | BE15: =BD15*$I15 -> 0 | BF15: =BD15 -> 0 | BG15: =BF15*$I15 -> 0 | BH15: =BJ15-BF15 -> 0 | BI15: =BH15*$I15 -> 0 | BJ15: 0 | BK15: =BJ15*$I15 -> 0
B16: 5 | C16: Biaya Kebersihan proyek | E16: 2 | F16: bulan | G16: 3300000 | H16: =G16*E16 -> 6600000 | I16: =(H16/$H$197)*100 -> 1.1111111 | J16: 0 | K16: =J16*$I16 -> 0 | L16: =N16-J16 -> 0 | M16: =L16*$I16 -> 0 | N16: 0 | O16: =N16*$I16 -> 0 | P16: =N16 -> 0 | Q16: =P16*$I16 -> 0 | R16: =T16-P16 -> 0 | S16: =R16*$I16 -> 0 | T16: 0 | U16: =T16*$I16 -> 0 | V16: =T16 -> 0 | W16: =V16*$I16 -> 0 | X16: =Z16-V16 -> 0 | Y16: =X16*$I16 -> 0 | Z16: 0 | AA16: =Z16*$I16 -> 0 | AB16: =Z16 -> 0 | AC16: =AB16*$I16 -> 0 | AD16: =AF16-AB16 -> 1 | AE16: =AD16*$I16 -> 1.1111111 | AF16: 1 | AG16: =AF16*$I16 -> 1.1111111 | AH16: =AF16 -> 1 | AI16: =AH16*$I16 -> 1.1111111 | AJ16: =AL16-AH16 -> 0 | AK16: =AJ16*$I16 -> 0 | AL16: 1 | AM16: =AL16*$I16 -> 1.1111111 | AN16: =AL16 -> 1 | AO16: =AN16*$I16 -> 1.1111111 | AP16: =AR16-AN16 -> 0 | AQ16: =AP16*$I16 -> 0 | AR16: 1 | AS16: =AR16*$I16 -> 1.1111111 | AT16: =AR16 -> 1 | AU16: =AT16*$I16 -> 1.1111111 | AV16: =AX16-AT16 -> -1 | AW16: =AV16*$I16 -> -1.1111111 | AX16: 0 | AY16: =AX16*$I16 -> 0 | AZ16: =AX16 -> 0 | BA16: =AZ16*$I16 -> 0 | BB16: =BD16-AZ16 -> 0 | BC16: =BB16*$I16 -> 0 | BD16: 0 | BE16: =BD16*$I16 -> 0 | BF16: =BD16 -> 0 | BG16: =BF16*$I16 -> 0 | BH16: =BJ16-BF16 -> 0 | BI16: =BH16*$I16 -> 0 | BJ16: 0 | BK16: =BJ16*$I16 -> 0
B17: 6 | C17: Pengangkutan/Pembuangan puing bekas bongkaran ; satuan mobil truck engkel | E17: 5 | F17: rit | G17: 1350000 | H17: =G17*E17 -> 6750000 | I17: =(H17/$H$197)*100 -> 1.1363636 | J17: 0 | K17: =J17*$I17 -> 0 | L17: =N17-J17 -> 0 | M17: =L17*$I17 -> 0 | N17: 0 | O17: =N17*$I17 -> 0 | P17: =N17 -> 0 | Q17: =P17*$I17 -> 0 | R17: =T17-P17 -> 0 | S17: =R17*$I17 -> 0 | T17: 0 | U17: =T17*$I17 -> 0 | V17: =T17 -> 0 | W17: =V17*$I17 -> 0 | X17: =Z17-V17 -> 0 | Y17: =X17*$I17 -> 0 | Z17: 0 | AA17: =Z17*$I17 -> 0 | AB17: =Z17 -> 0 | AC17: =AB17*$I17 -> 0 | AD17: =AF17-AB17 -> 0.4 | AE17: =AD17*$I17 -> 0.45454545 | AF17: 0.4 | AG17: =AF17*$I17 -> 0.45454545 | AH17: =AF17 -> 0.4 | AI17: =AH17*$I17 -> 0.45454545 | AJ17: =AL17-AH17 -> 0.2 | AK17: =AJ17*$I17 -> 0.22727273 | AL17: 0.6 | AM17: =AL17*$I17 -> 0.68181818 | AN17: =AL17 -> 0.6 | AO17: =AN17*$I17 -> 0.68181818 | AP17: =AR17-AN17 -> 0.1 | AQ17: =AP17*$I17 -> 0.11363636 | AR17: 0.7 | AS17: =AR17*$I17 -> 0.79545455 | AT17: =AR17 -> 0.7 | AU17: =AT17*$I17 -> 0.79545455 | AV17: =AX17-AT17 -> -0.7 | AW17: =AV17*$I17 -> -0.79545455 | AX17: 0 | AY17: =AX17*$I17 -> 0 | AZ17: =AX17 -> 0 | BA17: =AZ17*$I17 -> 0 | BB17: =BD17-AZ17 -> 0 | BC17: =BB17*$I17 -> 0 | BD17: 0 | BE17: =BD17*$I17 -> 0 | BF17: =BD17 -> 0 | BG17: =BF17*$I17 -> 0 | BH17: =BJ17-BF17 -> 0 | BI17: =BH17*$I17 -> 0 | BJ17: 0 | BK17: =BJ17*$I17 -> 0
B18: 7 | C18: Peralatan dan Material Bantu (Scafolding, terpal Plastik, exhaust/blower dll ) | E18: 1 | F18: ls | G18: 3540000 | H18: =G18*E18 -> 3540000 | I18: =(H18/$H$197)*100 -> 0.5959596 | J18: 0 | K18: =J18*$I18 -> 0 | L18: =N18-J18 -> 0 | M18: =L18*$I18 -> 0 | N18: 0 | O18: =N18*$I18 -> 0 | P18: =N18 -> 0 | Q18: =P18*$I18 -> 0 | R18: =T18-P18 -> 0 | S18: =R18*$I18 -> 0 | T18: 0 | U18: =T18*$I18 -> 0 | V18: =T18 -> 0 | W18: =V18*$I18 -> 0 | X18: =Z18-V18 -> 0 | Y18: =X18*$I18 -> 0 | Z18: 0 | AA18: =Z18*$I18 -> 0 | AB18: =Z18 -> 0 | AC18: =AB18*$I18 -> 0 | AD18: =AF18-AB18 -> 1 | AE18: =AD18*$I18 -> 0.5959596 | AF18: 1 | AG18: =AF18*$I18 -> 0.5959596 | AH18: =AF18 -> 1 | AI18: =AH18*$I18 -> 0.5959596 | AJ18: =AL18-AH18 -> 0 | AK18: =AJ18*$I18 -> 0 | AL18: 1 | AM18: =AL18*$I18 -> 0.5959596 | AN18: =AL18 -> 1 | AO18: =AN18*$I18 -> 0.5959596 | AP18: =AR18-AN18 -> 0 | AQ18: =AP18*$I18 -> 0 | AR18: 1 | AS18: =AR18*$I18 -> 0.5959596 | AT18: =AR18 -> 1 | AU18: =AT18*$I18 -> 0.5959596 | AV18: =AX18-AT18 -> -1 | AW18: =AV18*$I18 -> -0.5959596 | AX18: 0 | AY18: =AX18*$I18 -> 0 | AZ18: =AX18 -> 0 | BA18: =AZ18*$I18 -> 0 | BB18: =BD18-AZ18 -> 0 | BC18: =BB18*$I18 -> 0 | BD18: 0 | BE18: =BD18*$I18 -> 0 | BF18: =BD18 -> 0 | BG18: =BF18*$I18 -> 0 | BH18: =BJ18-BF18 -> 0 | BI18: =BH18*$I18 -> 0 | BJ18: 0 | BK18: =BJ18*$I18 -> 0
B19: 8 | C19: Hard copy As Built drawing dan approval material | E19: 1 | F19: Ls | G19: 8000000 | H19: =G19*E19 -> 8000000 | I19: =(H19/$H$197)*100 -> 1.3468013 | J19: 0 | K19: =J19*$I19 -> 0 | L19: =N19-J19 -> 0 | M19: =L19*$I19 -> 0 | N19: 0 | O19: =N19*$I19 -> 0 | P19: =N19 -> 0 | Q19: =P19*$I19 -> 0 | R19: =T19-P19 -> 0 | S19: =R19*$I19 -> 0 | T19: 0 | U19: =T19*$I19 -> 0 | V19: =T19 -> 0 | W19: =V19*$I19 -> 0 | X19: =Z19-V19 -> 0.8 | Y19: =X19*$I19 -> 1.0774411 | Z19: 0.8 | AA19: =Z19*$I19 -> 1.0774411 | AB19: =Z19 -> 0.8 | AC19: =AB19*$I19 -> 1.0774411 | AD19: =AF19-AB19 -> 0.2 | AE19: =AD19*$I19 -> 0.26936027 | AF19: 1 | AG19: =AF19*$I19 -> 1.3468013 | AH19: =AF19 -> 1 | AI19: =AH19*$I19 -> 1.3468013 | AJ19: =AL19-AH19 -> 0 | AK19: =AJ19*$I19 -> 0 | AL19: 1 | AM19: =AL19*$I19 -> 1.3468013 | AN19: =AL19 -> 1 | AO19: =AN19*$I19 -> 1.3468013 | AP19: =AR19-AN19 -> 0 | AQ19: =AP19*$I19 -> 0 | AR19: 1 | AS19: =AR19*$I19 -> 1.3468013 | AT19: =AR19 -> 1 | AU19: =AT19*$I19 -> 1.3468013 | AV19: =AX19-AT19 -> -1 | AW19: =AV19*$I19 -> -1.3468013 | AX19: 0 | AY19: =AX19*$I19 -> 0 | AZ19: =AX19 -> 0 | BA19: =AZ19*$I19 -> 0 | BB19: =BD19-AZ19 -> 0 | BC19: =BB19*$I19 -> 0 | BD19: 0 | BE19: =BD19*$I19 -> 0 | BF19: =BD19 -> 0 | BG19: =BF19*$I19 -> 0 | BH19: =BJ19-BF19 -> 0 | BI19: =BH19*$I19 -> 0 | BJ19: 0 | BK19: =BJ19*$I19 -> 0
B20: 9 | C20: Deposit Gedung | E20: 1 | F20: Ls | G20: 7500000 | H20: =G20*E20 -> 7500000 | I20: =(H20/$H$197)*100 -> 1.2626263 | J20: 0 | K20: =J20*$I20 -> 0 | L20: =N20-J20 -> 0 | M20: =L20*$I20 -> 0 | N20: 0 | O20: =N20*$I20 -> 0 | P20: =N20 -> 0 | Q20: =P20*$I20 -> 0 | R20: =T20-P20 -> 0 | S20: =R20*$I20 -> 0 | T20: 0 | U20: =T20*$I20 -> 0 | V20: =T20 -> 0 | W20: =V20*$I20 -> 0 | X20: =Z20-V20 -> 0 | Y20: =X20*$I20 -> 0 | Z20: 0 | AA20: =Z20*$I20 -> 0 | AB20: =Z20 -> 0 | AC20: =AB20*$I20 -> 0 | AD20: =AF20-AB20 -> 1 | AE20: =AD20*$I20 -> 1.2626263 | AF20: 1 | AG20: =AF20*$I20 -> 1.2626263 | AH20: =AF20 -> 1 | AI20: =AH20*$I20 -> 1.2626263 | AJ20: =AL20-AH20 -> 0 | AK20: =AJ20*$I20 -> 0 | AL20: 1 | AM20: =AL20*$I20 -> 1.2626263 | AN20: =AL20 -> 1 | AO20: =AN20*$I20 -> 1.2626263 | AP20: =AR20-AN20 -> 0 | AQ20: =AP20*$I20 -> 0 | AR20: 1 | AS20: =AR20*$I20 -> 1.2626263 | AT20: =AR20 -> 1 | AU20: =AT20*$I20 -> 1.2626263 | AV20: =AX20-AT20 -> -1 | AW20: =AV20*$I20 -> -1.2626263 | AX20: 0 | AY20: =AX20*$I20 -> 0 | AZ20: =AX20 -> 0 | BA20: =AZ20*$I20 -> 0 | BB20: =BD20-AZ20 -> 0 | BC20: =BB20*$I20 -> 0 | BD20: 0 | BE20: =BD20*$I20 -> 0 | BF20: =BD20 -> 0 | BG20: =BF20*$I20 -> 0 | BH20: =BJ20-BF20 -> 0 | BI20: =BH20*$I20 -> 0 | BJ20: 0 | BK20: =BJ20*$I20 -> 0
G22: Sub Total Persiapan | H22: =SUM(H12:H21) -> 55415000
B24: II | C24: PEKERJAAN FIT OUT INTERIOR DAN ARSITEKTUR
B25: II.A | C25: Pekerjaan Ruang Staff & Resepsionis
B27: 1 | C27: Screeding & levelling lantai | D27: CP1 | E27: 186.407 | F27: m2 | G27: 129000 | H27: =G27*E27 -> 24046503 | I27: =(H27/$H$197)*100 -> 4.0482328 | J27: 0 | K27: =J27*$I27 -> 0 | L27: =N27-J27 -> 0 | M27: =L27*$I27 -> 0 | N27: 0 | O27: =N27*$I27 -> 0 | P27: =N27 -> 0 | Q27: =P27*$I27 -> 0 | R27: =T27-P27 -> 0 | S27: =R27*$I27 -> 0 | T27: 0 | U27: =T27*$I27 -> 0 | V27: =T27 -> 0 | W27: =V27*$I27 -> 0 | X27: =Z27-V27 -> 0.5 | Y27: =X27*$I27 -> 2.0241164 | Z27: 0.5 | AA27: =Z27*$I27 -> 2.0241164 | AB27: =Z27 -> 0.5 | AC27: =AB27*$I27 -> 2.0241164 | AD27: =AF27-AB27 -> 0.5 | AE27: =AD27*$I27 -> 2.0241164 | AF27: 1 | AG27: =AF27*$I27 -> 4.0482328 | AH27: =AF27 -> 1 | AI27: =AH27*$I27 -> 4.0482328 | AJ27: =AL27-AH27 -> 0 | AK27: =AJ27*$I27 -> 0 | AL27: 1 | AM27: =AL27*$I27 -> 4.0482328 | AN27: =AL27 -> 1 | AO27: =AN27*$I27 -> 4.0482328 | AP27: =AR27-AN27 -> 0 | AQ27: =AP27*$I27 -> 0 | AR27: 1 | AS27: =AR27*$I27 -> 4.0482328 | AT27: =AR27 -> 1 | AU27: =AT27*$I27 -> 4.0482328 | AV27: =AX27-AT27 -> -1 | AW27: =AV27*$I27 -> -4.0482328 | AX27: 0 | AY27: =AX27*$I27 -> 0 | AZ27: =AX27 -> 0 | BA27: =AZ27*$I27 -> 0 | BB27: =BD27-AZ27 -> 0 | BC27: =BB27*$I27 -> 0 | BD27: 0 | BE27: =BD27*$I27 -> 0 | BF27: =BD27 -> 0 | BG27: =BF27*$I27 -> 0 | BH27: =BJ27-BF27 -> 0 | BI27: =BH27*$I27 -> 0 | BJ27: 0 | BK27: =BJ27*$I27 -> 0
B29: 2 | C29: Pengadaan dan pasang penutup lantai Carpet Flowing Plank | D29: CP1 | E29: 186.407 | F29: m2 | G29: 706000 | H29: =G29*E29 -> 1.3160334e+08 | I29: =(H29/$H$197)*100 -> 22.155445 | J29: 0 | K29: =J29*$I29 -> 0 | L29: =N29-J29 -> 0 | M29: =L29*$I29 -> 0 | N29: 0 | O29: =N29*$I29 -> 0 | P29: =N29 -> 0 | Q29: =P29*$I29 -> 0 | R29: =T29-P29 -> 0 | S29: =R29*$I29 -> 0 | T29: 0 | U29: =T29*$I29 -> 0 | V29: =T29 -> 0 | W29: =V29*$I29 -> 0 | X29: =Z29-V29 -> 0 | Y29: =X29*$I29 -> 0 | Z29: 0 | AA29: =Z29*$I29 -> 0 | AB29: =Z29 -> 0 | AC29: =AB29*$I29 -> 0 | AD29: =AF29-AB29 -> 0.2 | AE29: =AD29*$I29 -> 4.431089 | AF29: 0.2 | AG29: =AF29*$I29 -> 4.431089 | AH29: =AF29 -> 0.2 | AI29: =AH29*$I29 -> 4.431089 | AJ29: =AL29-AH29 -> 0.15 | AK29: =AJ29*$I29 -> 3.3233167 | AL29: 0.35 | AM29: =AL29*$I29 -> 7.7544057 | AN29: =AL29 -> 0.35 | AO29: =AN29*$I29 -> 7.7544057 | AP29: =AR29-AN29 -> 0.15 | AQ29: =AP29*$I29 -> 3.3233167 | AR29: 0.5 | AS29: =AR29*$I29 -> 11.077722 | AT29: =AR29 -> 0.5 | AU29: =AT29*$I29 -> 11.077722 | AV29: =AX29-AT29 -> -0.5 | AW29: =AV29*$I29 -> -11.077722 | AX29: 0 | AY29: =AX29*$I29 -> 0 | AZ29: =AX29 -> 0 | BA29: =AZ29*$I29 -> 0 | BB29: =BD29-AZ29 -> 0 | BC29: =BB29*$I29 -> 0 | BD29: 0 | BE29: =BD29*$I29 -> 0 | BF29: =BD29 -> 0 | BG29: =BF29*$I29 -> 0 | BH29: =BJ29-BF29 -> 0 | BI29: =BH29*$I29 -> 0 | BJ29: 0 | BK29: =BJ29*$I29 -> 0
B32: =B29+1 -> 3 | C32: Pek Finishing Dinding dan Partisi | D32: PT1 | E32: 96.518 | F32: m2 | G32: 45000 | H32: =G32*E32 -> 4343310 | I32: =(H32/$H$197)*100 -> 0.73119697 | J32: 0 | K32: =J32*$I32 -> 0 | L32: =N32-J32 -> 0 | M32: =L32*$I32 -> 0 | N32: 0 | O32: =N32*$I32 -> 0 | P32: =N32 -> 0 | Q32: =P32*$I32 -> 0 | R32: =T32-P32 -> 0 | S32: =R32*$I32 -> 0 | T32: 0 | U32: =T32*$I32 -> 0 | V32: =T32 -> 0 | W32: =V32*$I32 -> 0 | X32: =Z32-V32 -> 0 | Y32: =X32*$I32 -> 0 | Z32: 0 | AA32: =Z32*$I32 -> 0 | AB32: =Z32 -> 0 | AC32: =AB32*$I32 -> 0 | AD32: =AF32-AB32 -> 0 | AE32: =AD32*$I32 -> 0 | AF32: 0 | AG32: =AF32*$I32 -> 0 | AH32: =AF32 -> 0 | AI32: =AH32*$I32 -> 0 | AJ32: =AL32-AH32 -> 0 | AK32: =AJ32*$I32 -> 0 | AL32: 0 | AM32: =AL32*$I32 -> 0 | AN32: =AL32 -> 0 | AO32: =AN32*$I32 -> 0 | AP32: =AR32-AN32 -> 0.1 | AQ32: =AP32*$I32 -> 0.073119697 | AR32: 0.1 | AS32: =AR32*$I32 -> 0.073119697 | AT32: =AR32 -> 0.1 | AU32: =AT32*$I32 -> 0.073119697 | AV32: =AX32-AT32 -> -0.1 | AW32: =AV32*$I32 -> -0.073119697 | AX32: 0 | AY32: =AX32*$I32 -> 0 | AZ32: =AX32 -> 0 | BA32: =AZ32*$I32 -> 0 | BB32: =BD32-AZ32 -> 0 | BC32: =BB32*$I32 -> 0 | BD32: 0 | BE32: =BD32*$I32 -> 0 | BF32: =BD32 -> 0 | BG32: =BF32*$I32 -> 0 | BH32: =BJ32-BF32 -> 0 | BI32: =BH32*$I32 -> 0 | BJ32: 0 | BK32: =BJ32*$I32 -> 0
C33: Material : Dulux
B35: =B32+1 -> 4 | C35: Pengadaan dan pasang plint lantai | D35: TB1 | E35: 34.547 | F35: m' | G35: 87000 | H35: =G35*E35 -> 3005589 | I35: =(H35/$H$197)*100 -> 0.50599141 | J35: 0 | K35: =J35*$I35 -> 0 | L35: =N35-J35 -> 0 | M35: =L35*$I35 -> 0 | N35: 0 | O35: =N35*$I35 -> 0 | P35: =N35 -> 0 | Q35: =P35*$I35 -> 0 | R35: =T35-P35 -> 0 | S35: =R35*$I35 -> 0 | T35: 0 | U35: =T35*$I35 -> 0 | V35: =T35 -> 0 | W35: =V35*$I35 -> 0 | X35: =Z35-V35 -> 0 | Y35: =X35*$I35 -> 0 | Z35: 0 | AA35: =Z35*$I35 -> 0 | AB35: =Z35 -> 0 | AC35: =AB35*$I35 -> 0 | AD35: =AF35-AB35 -> 0 | AE35: =AD35*$I35 -> 0 | AF35: 0 | AG35: =AF35*$I35 -> 0 | AH35: =AF35 -> 0 | AI35: =AH35*$I35 -> 0 | AJ35: =AL35-AH35 -> 0 | AK35: =AJ35*$I35 -> 0 | AL35: 0 | AM35: =AL35*$I35 -> 0 | AN35: =AL35 -> 0 | AO35: =AN35*$I35 -> 0 | AP35: =AR35-AN35 -> 0 | AQ35: =AP35*$I35 -> 0 | AR35: 0 | AS35: =AR35*$I35 -> 0 | AT35: =AR35 -> 0 | AU35: =AT35*$I35 -> 0 | AV35: =AX35-AT35 -> 0 | AW35: =AV35*$I35 -> 0 | AX35: 0 | AY35: =AX35*$I35 -> 0 | AZ35: =AX35 -> 0 | BA35: =AZ35*$I35 -> 0 | BB35: =BD35-AZ35 -> 0 | BC35: =BB35*$I35 -> 0 | BD35: 0 | BE35: =BD35*$I35 -> 0 | BF35: =BD35 -> 0 | BG35: =BF35*$I35 -> 0 | BH35: =BJ35-BF35 -> 0 | BI35: =BH35*$I35 -> 0 | BJ35: 0 | BK35: =BJ35*$I35 -> 0
C36: Material : HPL tinggi 10 cm x tebal 1 cm
B38: =B35+1 -> 5 | C38: Pek Signed ASDP Uk. 135 x 100 cm | E38: 1 | F38: unit | G38: 5207000 | H38: =G38*E38 -> 5207000 | I38: =(H38/$H$197)*100 -> 0.87659933 | J38: 0 | K38: =J38*$I38 -> 0 | L38: =N38-J38 -> 0 | M38: =L38*$I38 -> 0 | N38: 0 | O38: =N38*$I38 -> 0 | P38: =N38 -> 0 | Q38: =P38*$I38 -> 0 | R38: =T38-P38 -> 0 | S38: =R38*$I38 -> 0 | T38: 0 | U38: =T38*$I38 -> 0 | V38: =T38 -> 0 | W38: =V38*$I38 -> 0 | X38: =Z38-V38 -> 0 | Y38: =X38*$I38 -> 0 | Z38: 0 | AA38: =Z38*$I38 -> 0 | AB38: =Z38 -> 0 | AC38: =AB38*$I38 -> 0 | AD38: =AF38-AB38 -> 0 | AE38: =AD38*$I38 -> 0 | AF38: 0 | AG38: =AF38*$I38 -> 0 | AH38: =AF38 -> 0 | AI38: =AH38*$I38 -> 0 | AJ38: =AL38-AH38 -> 0 | AK38: =AJ38*$I38 -> 0 | AL38: 0 | AM38: =AL38*$I38 -> 0 | AN38: =AL38 -> 0 | AO38: =AN38*$I38 -> 0 | AP38: =AR38-AN38 -> 0 | AQ38: =AP38*$I38 -> 0 | AR38: 0 | AS38: =AR38*$I38 -> 0 | AT38: =AR38 -> 0 | AU38: =AT38*$I38 -> 0 | AV38: =AX38-AT38 -> 0 | AW38: =AV38*$I38 -> 0 | AX38: 0 | AY38: =AX38*$I38 -> 0 | AZ38: =AX38 -> 0 | BA38: =AZ38*$I38 -> 0 | BB38: =BD38-AZ38 -> 0 | BC38: =BB38*$I38 -> 0 | BD38: 0 | BE38: =BD38*$I38 -> 0 | BF38: =BD38 -> 0 | BG38: =BF38*$I38 -> 0 | BH38: =BJ38-BF38 -> 0 | BI38: =BH38*$I38 -> 0 | BJ38: 0 | BK38: =BJ38*$I38 -> 0
B40: =B38+1 -> 6 | C40: Backdrop Resepsionis | E40: 1 | F40: Ls | G40: 21856000 | H40: =G40*E40 -> 21856000 | I40: =(H40/$H$197)*100 -> 3.6794613 | J40: 0 | K40: =J40*$I40 -> 0 | L40: =N40-J40 -> 0 | M40: =L40*$I40 -> 0 | N40: 0 | O40: =N40*$I40 -> 0 | P40: =N40 -> 0 | Q40: =P40*$I40 -> 0 | R40: =T40-P40 -> 0 | S40: =R40*$I40 -> 0 | T40: 0 | U40: =T40*$I40 -> 0 | V40: =T40 -> 0 | W40: =V40*$I40 -> 0 | X40: =Z40-V40 -> 0 | Y40: =X40*$I40 -> 0 | Z40: 0 | AA40: =Z40*$I40 -> 0 | AB40: =Z40 -> 0 | AC40: =AB40*$I40 -> 0 | AD40: =AF40-AB40 -> 0 | AE40: =AD40*$I40 -> 0 | AF40: 0 | AG40: =AF40*$I40 -> 0 | AH40: =AF40 -> 0 | AI40: =AH40*$I40 -> 0 | AJ40: =AL40-AH40 -> 0 | AK40: =AJ40*$I40 -> 0 | AL40: 0 | AM40: =AL40*$I40 -> 0 | AN40: =AL40 -> 0 | AO40: =AN40*$I40 -> 0 | AP40: =AR40-AN40 -> 0.4 | AQ40: =AP40*$I40 -> 1.4717845 | AR40: 0.4 | AS40: =AR40*$I40 -> 1.4717845 | AT40: =AR40 -> 0.4 | AU40: =AT40*$I40 -> 1.4717845 | AV40: =AX40-AT40 -> -0.4 | AW40: =AV40*$I40 -> -1.4717845 | AX40: 0 | AY40: =AX40*$I40 -> 0 | AZ40: =AX40 -> 0 | BA40: =AZ40*$I40 -> 0 | BB40: =BD40-AZ40 -> 0 | BC40: =BB40*$I40 -> 0 | BD40: 0 | BE40: =BD40*$I40 -> 0 | BF40: =BD40 -> 0 | BG40: =BF40*$I40 -> 0 | BH40: =BJ40-BF40 -> 0 | BI40: =BH40*$I40 -> 0 | BJ40: 0 | BK40: =BJ40*$I40 -> 0
C41: 4680 X 2820 mm (COS)
B43: =B40+1 -> 7 | C43: Dry Pantry Workcafé | E43: 1 | F43: Ls | G43: 19145000 | H43: =G43*E43 -> 19145000 | I43: =(H43/$H$197)*100 -> 3.223064 | J43: 0 | K43: =J43*$I43 -> 0 | L43: =N43-J43 -> 0 | M43: =L43*$I43 -> 0 | N43: 0 | O43: =N43*$I43 -> 0 | P43: =N43 -> 0 | Q43: =P43*$I43 -> 0 | R43: =T43-P43 -> 0 | S43: =R43*$I43 -> 0 | T43: 0 | U43: =T43*$I43 -> 0 | V43: =T43 -> 0 | W43: =V43*$I43 -> 0 | X43: =Z43-V43 -> 0 | Y43: =X43*$I43 -> 0 | Z43: 0 | AA43: =Z43*$I43 -> 0 | AB43: =Z43 -> 0 | AC43: =AB43*$I43 -> 0 | AD43: =AF43-AB43 -> 0 | AE43: =AD43*$I43 -> 0 | AF43: 0 | AG43: =AF43*$I43 -> 0 | AH43: =AF43 -> 0 | AI43: =AH43*$I43 -> 0 | AJ43: =AL43-AH43 -> 0 | AK43: =AJ43*$I43 -> 0 | AL43: 0 | AM43: =AL43*$I43 -> 0 | AN43: =AL43 -> 0 | AO43: =AN43*$I43 -> 0 | AP43: =AR43-AN43 -> 0 | AQ43: =AP43*$I43 -> 0 | AR43: 0 | AS43: =AR43*$I43 -> 0 | AT43: =AR43 -> 0 | AU43: =AT43*$I43 -> 0 | AV43: =AX43-AT43 -> 0 | AW43: =AV43*$I43 -> 0 | AX43: 0 | AY43: =AX43*$I43 -> 0 | AZ43: =AX43 -> 0 | BA43: =AZ43*$I43 -> 0 | BB43: =BD43-AZ43 -> 0 | BC43: =BB43*$I43 -> 0 | BD43: 0 | BE43: =BD43*$I43 -> 0 | BF43: =BD43 -> 0 | BG43: =BF43*$I43 -> 0 | BH43: =BJ43-BF43 -> 0 | BI43: =BH43*$I43 -> 0 | BJ43: 0 | BK43: =BJ43*$I43 -> 0
C44: 2500 X 600 X 2820 mm (COS)
C45: - Top table + Backsplash solid surface (ST1)
C46: - Dinding lapis keramik (CRT1)
C47: - Adjuster plywood 9 mm fin. HPL (LM7)
C48: - Body cabinet plywood 20 mm fin. HPL (LM7) + PVC edging
C49: - Pintu cabinet plywood 20 mm fin. HPL (LM7) + PVC edging
C50: - Pintu cabinet + drawer bawah plywood 20 mm fin. HPL ex. Taco TH889FC French Tan Oak (LM4) + PVC edging
C51: - Skirting cabinet bawah plywood fin. HPL (LM4)
C52: - Inside melaminto
C53: - Signage on furniture (SGN5)
C54: - 6 Power outlet
C55: - Sesuai gambar detail
G58: Sub Total Pekerjaan Ruang Staff & Resepsionis | H58: =SUM(H24:H57) -> 209206744
B60: II.B | C60: Pekerjaan Ruang VIP
B62: 1 | C62: Screeding & levelling lantai | D62: CP1 | E62: 20.124 | F62: m2 | G62: 129000 | H62: =G62*E62 -> 2595996 | I62: =(H62/$H$197)*100 -> 0.43703636 | J62: 0 | K62: =J62*$I62 -> 0 | L62: =N62-J62 -> 0 | M62: =L62*$I62 -> 0 | N62: 0 | O62: =N62*$I62 -> 0 | P62: =N62 -> 0 | Q62: =P62*$I62 -> 0 | R62: =T62-P62 -> 0 | S62: =R62*$I62 -> 0 | T62: 0 | U62: =T62*$I62 -> 0 | V62: =T62 -> 0 | W62: =V62*$I62 -> 0 | X62: =Z62-V62 -> 0.5 | Y62: =X62*$I62 -> 0.21851818 | Z62: 0.5 | AA62: =Z62*$I62 -> 0.21851818 | AB62: =Z62 -> 0.5 | AC62: =AB62*$I62 -> 0.21851818 | AD62: =AF62-AB62 -> 0.5 | AE62: =AD62*$I62 -> 0.21851818 | AF62: 1 | AG62: =AF62*$I62 -> 0.43703636 | AH62: =AF62 -> 1 | AI62: =AH62*$I62 -> 0.43703636 | AJ62: =AL62-AH62 -> 0 | AK62: =AJ62*$I62 -> 0 | AL62: 1 | AM62: =AL62*$I62 -> 0.43703636 | AN62: =AL62 -> 1 | AO62: =AN62*$I62 -> 0.43703636 | AP62: =AR62-AN62 -> 0 | AQ62: =AP62*$I62 -> 0 | AR62: 1 | AS62: =AR62*$I62 -> 0.43703636 | AT62: =AR62 -> 1 | AU62: =AT62*$I62 -> 0.43703636 | AV62: =AX62-AT62 -> -1 | AW62: =AV62*$I62 -> -0.43703636 | AX62: 0 | AY62: =AX62*$I62 -> 0 | AZ62: =AX62 -> 0 | BA62: =AZ62*$I62 -> 0 | BB62: =BD62-AZ62 -> 0 | BC62: =BB62*$I62 -> 0 | BD62: 0 | BE62: =BD62*$I62 -> 0 | BF62: =BD62 -> 0 | BG62: =BF62*$I62 -> 0 | BH62: =BJ62-BF62 -> 0 | BI62: =BH62*$I62 -> 0 | BJ62: 0 | BK62: =BJ62*$I62 -> 0
B64: =B62+1 -> 2 | C64: Pengadaan dan pasang penutup lantai Carpet Flowing Plank | D64: CP1 | E64: 20.124 | F64: m2 | G64: 706000 | H64: =G64*E64 -> 14207544 | I64: =(H64/$H$197)*100 -> 2.3918424 | J64: 0 | K64: =J64*$I64 -> 0 | L64: =N64-J64 -> 0 | M64: =L64*$I64 -> 0 | N64: 0 | O64: =N64*$I64 -> 0 | P64: =N64 -> 0 | Q64: =P64*$I64 -> 0 | R64: =T64-P64 -> 0 | S64: =R64*$I64 -> 0 | T64: 0 | U64: =T64*$I64 -> 0 | V64: =T64 -> 0 | W64: =V64*$I64 -> 0 | X64: =Z64-V64 -> 0 | Y64: =X64*$I64 -> 0 | Z64: 0 | AA64: =Z64*$I64 -> 0 | AB64: =Z64 -> 0 | AC64: =AB64*$I64 -> 0 | AD64: =AF64-AB64 -> 0.2 | AE64: =AD64*$I64 -> 0.47836848 | AF64: 0.2 | AG64: =AF64*$I64 -> 0.47836848 | AH64: =AF64 -> 0.2 | AI64: =AH64*$I64 -> 0.47836848 | AJ64: =AL64-AH64 -> 0.15 | AK64: =AJ64*$I64 -> 0.35877636 | AL64: 0.35 | AM64: =AL64*$I64 -> 0.83714485 | AN64: =AL64 -> 0.35 | AO64: =AN64*$I64 -> 0.83714485 | AP64: =AR64-AN64 -> 0.25 | AQ64: =AP64*$I64 -> 0.59796061 | AR64: 0.6 | AS64: =AR64*$I64 -> 1.4351055 | AT64: =AR64 -> 0.6 | AU64: =AT64*$I64 -> 1.4351055 | AV64: =AX64-AT64 -> -0.6 | AW64: =AV64*$I64 -> -1.4351055 | AX64: 0 | AY64: =AX64*$I64 -> 0 | AZ64: =AX64 -> 0 | BA64: =AZ64*$I64 -> 0 | BB64: =BD64-AZ64 -> 0 | BC64: =BB64*$I64 -> 0 | BD64: 0 | BE64: =BD64*$I64 -> 0 | BF64: =BD64 -> 0 | BG64: =BF64*$I64 -> 0 | BH64: =BJ64-BF64 -> 0 | BI64: =BH64*$I64 -> 0 | BJ64: 0 | BK64: =BJ64*$I64 -> 0
C65: -' Material : ex kencana arid - Interface
B67: =B64+1 -> 3 | C67: Pengadaan & pasang Partisi 2 muka | D67: P1 | E67: 34.579 | F67: m2 | G67: 310000 | H67: =G67*E67 -> 10719490 | I67: =(H67/$H$197)*100 -> 1.8046279 | J67: 0 | K67: =J67*$I67 -> 0 | L67: =N67-J67 -> 0 | M67: =L67*$I67 -> 0 | N67: 0 | O67: =N67*$I67 -> 0 | P67: =N67 -> 0 | Q67: =P67*$I67 -> 0 | R67: =T67-P67 -> 0 | S67: =R67*$I67 -> 0 | T67: 0 | U67: =T67*$I67 -> 0 | V67: =T67 -> 0 | W67: =V67*$I67 -> 0 | X67: =Z67-V67 -> 0 | Y67: =X67*$I67 -> 0 | Z67: 0 | AA67: =Z67*$I67 -> 0 | AB67: =Z67 -> 0 | AC67: =AB67*$I67 -> 0 | AD67: =AF67-AB67 -> 0 | AE67: =AD67*$I67 -> 0 | AF67: 0 | AG67: =AF67*$I67 -> 0 | AH67: =AF67 -> 0 | AI67: =AH67*$I67 -> 0 | AJ67: =AL67-AH67 -> 0.8 | AK67: =AJ67*$I67 -> 1.4437024 | AL67: 0.8 | AM67: =AL67*$I67 -> 1.4437024 | AN67: =AL67 -> 0.8 | AO67: =AN67*$I67 -> 1.4437024 | AP67: =AR67-AN67 -> 0.2 | AQ67: =AP67*$I67 -> 0.36092559 | AR67: 1 | AS67: =AR67*$I67 -> 1.8046279 | AT67: =AR67 -> 1 | AU67: =AT67*$I67 -> 1.8046279 | AV67: =AX67-AT67 -> -1 | AW67: =AV67*$I67 -> -1.8046279 | AX67: 0 | AY67: =AX67*$I67 -> 0 | AZ67: =AX67 -> 0 | BA67: =AZ67*$I67 -> 0 | BB67: =BD67-AZ67 -> 0 | BC67: =BB67*$I67 -> 0 | BD67: 0 | BE67: =BD67*$I67 -> 0 | BF67: =BD67 -> 0 | BG67: =BF67*$I67 -> 0 | BH67: =BJ67-BF67 -> 0 | BI67: =BH67*$I67 -> 0 | BJ67: 0 | BK67: =BJ67*$I67 -> 0
C68: - Material Penutup : Gypsum 12 mm ex Jayaboard/setara
C69: Rangka Metal Stud
C70: Stopping angle, control joint
C71: Jarak modul minimal 600x600 mm
B73: =B67+1 -> 4 | C73: Pek Finishing Dinding dan Partisi | D73: PT1 | E73: 34.579 | F73: m2 | G73: 45000 | H73: =G73*E73 -> 1556055 | I73: =(H73/$H$197)*100 -> 0.26196212 | J73: 0 | K73: =J73*$I73 -> 0 | L73: =N73-J73 -> 0 | M73: =L73*$I73 -> 0 | N73: 0 | O73: =N73*$I73 -> 0 | P73: =N73 -> 0 | Q73: =P73*$I73 -> 0 | R73: =T73-P73 -> 0 | S73: =R73*$I73 -> 0 | T73: 0 | U73: =T73*$I73 -> 0 | V73: =T73 -> 0 | W73: =V73*$I73 -> 0 | X73: =Z73-V73 -> 0 | Y73: =X73*$I73 -> 0 | Z73: 0 | AA73: =Z73*$I73 -> 0 | AB73: =Z73 -> 0 | AC73: =AB73*$I73 -> 0 | AD73: =AF73-AB73 -> 0 | AE73: =AD73*$I73 -> 0 | AF73: 0 | AG73: =AF73*$I73 -> 0 | AH73: =AF73 -> 0 | AI73: =AH73*$I73 -> 0 | AJ73: =AL73-AH73 -> 0 | AK73: =AJ73*$I73 -> 0 | AL73: 0 | AM73: =AL73*$I73 -> 0 | AN73: =AL73 -> 0 | AO73: =AN73*$I73 -> 0 | AP73: =AR73-AN73 -> 0.1 | AQ73: =AP73*$I73 -> 0.026196212 | AR73: 0.1 | AS73: =AR73*$I73 -> 0.026196212 | AT73: =AR73 -> 0.1 | AU73: =AT73*$I73 -> 0.026196212 | AV73: =AX73-AT73 -> -0.1 | AW73: =AV73*$I73 -> -0.026196212 | AX73: 0 | AY73: =AX73*$I73 -> 0 | AZ73: =AX73 -> 0 | BA73: =AZ73*$I73 -> 0 | BB73: =BD73-AZ73 -> 0 | BC73: =BB73*$I73 -> 0 | BD73: 0 | BE73: =BD73*$I73 -> 0 | BF73: =BD73 -> 0 | BG73: =BF73*$I73 -> 0 | BH73: =BJ73-BF73 -> 0 | BI73: =BH73*$I73 -> 0 | BJ73: 0 | BK73: =BJ73*$I73 -> 0
C74: - Material : Dulux Brilliant White
B76: =B73+1 -> 5 | C76: Pengadaan dan pasang plint lantai | D76: TB1 | E76: 11.777 | F76: m' | G76: 87000 | H76: =G76*E76 -> 1024599 | I76: =(H76/$H$197)*100 -> 0.17249141 | J76: 0 | K76: =J76*$I76 -> 0 | L76: =N76-J76 -> 0 | M76: =L76*$I76 -> 0 | N76: 0 | O76: =N76*$I76 -> 0 | P76: =N76 -> 0 | Q76: =P76*$I76 -> 0 | R76: =T76-P76 -> 0 | S76: =R76*$I76 -> 0 | T76: 0 | U76: =T76*$I76 -> 0 | V76: =T76 -> 0 | W76: =V76*$I76 -> 0 | X76: =Z76-V76 -> 0 | Y76: =X76*$I76 -> 0 | Z76: 0 | AA76: =Z76*$I76 -> 0 | AB76: =Z76 -> 0 | AC76: =AB76*$I76 -> 0 | AD76: =AF76-AB76 -> 0 | AE76: =AD76*$I76 -> 0 | AF76: 0 | AG76: =AF76*$I76 -> 0 | AH76: =AF76 -> 0 | AI76: =AH76*$I76 -> 0 | AJ76: =AL76-AH76 -> 0 | AK76: =AJ76*$I76 -> 0 | AL76: 0 | AM76: =AL76*$I76 -> 0 | AN76: =AL76 -> 0 | AO76: =AN76*$I76 -> 0 | AP76: =AR76-AN76 -> 0 | AQ76: =AP76*$I76 -> 0 | AR76: 0 | AS76: =AR76*$I76 -> 0 | AT76: =AR76 -> 0 | AU76: =AT76*$I76 -> 0 | AV76: =AX76-AT76 -> 0 | AW76: =AV76*$I76 -> 0 | AX76: 0 | AY76: =AX76*$I76 -> 0 | AZ76: =AX76 -> 0 | BA76: =AZ76*$I76 -> 0 | BB76: =BD76-AZ76 -> 0 | BC76: =BB76*$I76 -> 0 | BD76: 0 | BE76: =BD76*$I76 -> 0 | BF76: =BD76 -> 0 | BG76: =BF76*$I76 -> 0 | BH76: =BJ76-BF76 -> 0 | BI76: =BH76*$I76 -> 0 | BJ76: 0 | BK76: =BJ76*$I76 -> 0
C77: - Material : HPL . Ex Taco 10 x 1
B79: =B76+1 -> 6 | C79: Backdrop TV | E79: 1 | F79: Ls | G79: 12972000 | H79: =G79*E79 -> 12972000 | I79: =(H79/$H$197)*100 -> 2.1838384 | J79: 0 | K79: =J79*$I79 -> 0 | L79: =N79-J79 -> 0 | M79: =L79*$I79 -> 0 | N79: 0 | O79: =N79*$I79 -> 0 | P79: =N79 -> 0 | Q79: =P79*$I79 -> 0 | R79: =T79-P79 -> 0 | S79: =R79*$I79 -> 0 | T79: 0 | U79: =T79*$I79 -> 0 | V79: =T79 -> 0 | W79: =V79*$I79 -> 0 | X79: =Z79-V79 -> 0 | Y79: =X79*$I79 -> 0 | Z79: 0 | AA79: =Z79*$I79 -> 0 | AB79: =Z79 -> 0 | AC79: =AB79*$I79 -> 0 | AD79: =AF79-AB79 -> 0 | AE79: =AD79*$I79 -> 0 | AF79: 0 | AG79: =AF79*$I79 -> 0 | AH79: =AF79 -> 0 | AI79: =AH79*$I79 -> 0 | AJ79: =AL79-AH79 -> 0 | AK79: =AJ79*$I79 -> 0 | AL79: 0 | AM79: =AL79*$I79 -> 0 | AN79: =AL79 -> 0 | AO79: =AN79*$I79 -> 0 | AP79: =AR79-AN79 -> 0.4 | AQ79: =AP79*$I79 -> 0.87353535 | AR79: 0.4 | AS79: =AR79*$I79 -> 0.87353535 | AT79: =AR79 -> 0.4 | AU79: =AT79*$I79 -> 0.87353535 | AV79: =AX79-AT79 -> -0.4 | AW79: =AV79*$I79 -> -0.87353535 | AX79: 0 | AY79: =AX79*$I79 -> 0 | AZ79: =AX79 -> 0 | BA79: =AZ79*$I79 -> 0 | BB79: =BD79-AZ79 -> 0 | BC79: =BB79*$I79 -> 0 | BD79: 0 | BE79: =BD79*$I79 -> 0 | BF79: =BD79 -> 0 | BG79: =BF79*$I79 -> 0 | BH79: =BJ79-BF79 -> 0 | BI79: =BH79*$I79 -> 0 | BJ79: 0 | BK79: =BJ79*$I79 -> 0
C80: 2500 X 400 X 2820 mm (COS)
C81: - 6 Power outlet
C82: - Sesuai gambar detail
B84: =B79+1 -> 7 | C84: Pengadaan & pasang Pintu Kaca | D84: PJ7B | E84: 1 | F84: Unit | G84: 7051000 | H84: =G84*E84 -> 7051000 | I84: =(H84/$H$197)*100 -> 1.187037 | J84: 0 | K84: =J84*$I84 -> 0 | L84: =N84-J84 -> 0 | M84: =L84*$I84 -> 0 | N84: 0 | O84: =N84*$I84 -> 0 | P84: =N84 -> 0 | Q84: =P84*$I84 -> 0 | R84: =T84-P84 -> 0 | S84: =R84*$I84 -> 0 | T84: 0 | U84: =T84*$I84 -> 0 | V84: =T84 -> 0 | W84: =V84*$I84 -> 0 | X84: =Z84-V84 -> 0 | Y84: =X84*$I84 -> 0 | Z84: 0 | AA84: =Z84*$I84 -> 0 | AB84: =Z84 -> 0 | AC84: =AB84*$I84 -> 0 | AD84: =AF84-AB84 -> 0 | AE84: =AD84*$I84 -> 0 | AF84: 0 | AG84: =AF84*$I84 -> 0 | AH84: =AF84 -> 0 | AI84: =AH84*$I84 -> 0 | AJ84: =AL84-AH84 -> 0 | AK84: =AJ84*$I84 -> 0 | AL84: 0 | AM84: =AL84*$I84 -> 0 | AN84: =AL84 -> 0 | AO84: =AN84*$I84 -> 0 | AP84: =AR84-AN84 -> 0.4 | AQ84: =AP84*$I84 -> 0.47481481 | AR84: 0.4 | AS84: =AR84*$I84 -> 0.47481481 | AT84: =AR84 -> 0.4 | AU84: =AT84*$I84 -> 0.47481481 | AV84: =AX84-AT84 -> -0.4 | AW84: =AV84*$I84 -> -0.47481481 | AX84: 0 | AY84: =AX84*$I84 -> 0 | AZ84: =AX84 -> 0 | BA84: =AZ84*$I84 -> 0 | BB84: =BD84-AZ84 -> 0 | BC84: =BB84*$I84 -> 0 | BD84: 0 | BE84: =BD84*$I84 -> 0 | BF84: =BD84 -> 0 | BG84: =BF84*$I84 -> 0 | BH84: =BJ84-BF84 -> 0 | BI84: =BH84*$I84 -> 0 | BJ84: 0 | BK84: =BJ84*$I84 -> 0
C85: spesifikasi Hardware :
C86: Daun pintu dan jendela kaca tempered 12 mm ex. Asahimas uk. 210x100 cm + Sandblast motif lokal, tingkat keburaman 80% (ditempel pada kaca bagian dalam)
B88: =B84+1 -> 8 | C88: Pengadaan & pasang Jendela Kaca Rangka Aluminium | E88: 4 | F88: m2 | G88: 3038000 | H88: =G88*E88 -> 12152000 | I88: =(H88/$H$197)*100 -> 2.0457912 | J88: 0 | K88: =J88*$I88 -> 0 | L88: =N88-J88 -> 0 | M88: =L88*$I88 -> 0 | N88: 0 | O88: =N88*$I88 -> 0 | P88: =N88 -> 0 | Q88: =P88*$I88 -> 0 | R88: =T88-P88 -> 0 | S88: =R88*$I88 -> 0 | T88: 0 | U88: =T88*$I88 -> 0 | V88: =T88 -> 0 | W88: =V88*$I88 -> 0 | X88: =Z88-V88 -> 0 | Y88: =X88*$I88 -> 0 | Z88: 0 | AA88: =Z88*$I88 -> 0 | AB88: =Z88 -> 0 | AC88: =AB88*$I88 -> 0 | AD88: =AF88-AB88 -> 0 | AE88: =AD88*$I88 -> 0 | AF88: 0 | AG88: =AF88*$I88 -> 0 | AH88: =AF88 -> 0 | AI88: =AH88*$I88 -> 0 | AJ88: =AL88-AH88 -> 0 | AK88: =AJ88*$I88 -> 0 | AL88: 0 | AM88: =AL88*$I88 -> 0 | AN88: =AL88 -> 0 | AO88: =AN88*$I88 -> 0 | AP88: =AR88-AN88 -> 0.4 | AQ88: =AP88*$I88 -> 0.8183165 | AR88: 0.4 | AS88: =AR88*$I88 -> 0.8183165 | AT88: =AR88 -> 0.4 | AU88: =AT88*$I88 -> 0.8183165 | AV88: =AX88-AT88 -> -0.4 | AW88: =AV88*$I88 -> -0.8183165 | AX88: 0 | AY88: =AX88*$I88 -> 0 | AZ88: =AX88 -> 0 | BA88: =AZ88*$I88 -> 0 | BB88: =BD88-AZ88 -> 0 | BC88: =BB88*$I88 -> 0 | BD88: 0 | BE88: =BD88*$I88 -> 0 | BF88: =BD88 -> 0 | BG88: =BF88*$I88 -> 0 | BH88: =BJ88-BF88 -> 0 | BI88: =BH88*$I88 -> 0 | BJ88: 0 | BK88: =BJ88*$I88 -> 0
C89: spesifikasi Hardware :
C90: Kusen Aluminium 4" finish powder coating warna hitam
C91: Sandblast motif lokal, tingkat keburaman 80% (ditempel pada kaca bagian dalam)
G93: Sub Total Pekerjaan Ruang VIP | H93: =SUM(H61:H92) -> 62278684
B94: II.C | C94: Pekerjaan Ruang Rapat Umum
B96: 1 | C96: Screeding & levelling lantai | D96: CP1 | E96: 20.124 | F96: m2 | G96: 129000 | H96: =G96*E96 -> 2595996 | I96: =(H96/$H$197)*100 -> 0.43703636 | J96: 0 | K96: =J96*$I96 -> 0 | L96: =N96-J96 -> 0 | M96: =L96*$I96 -> 0 | N96: 0 | O96: =N96*$I96 -> 0 | P96: =N96 -> 0 | Q96: =P96*$I96 -> 0 | R96: =T96-P96 -> 0 | S96: =R96*$I96 -> 0 | T96: 0 | U96: =T96*$I96 -> 0 | V96: =T96 -> 0 | W96: =V96*$I96 -> 0 | X96: =Z96-V96 -> 0.5 | Y96: =X96*$I96 -> 0.21851818 | Z96: 0.5 | AA96: =Z96*$I96 -> 0.21851818 | AB96: =Z96 -> 0.5 | AC96: =AB96*$I96 -> 0.21851818 | AD96: =AF96-AB96 -> 0.5 | AE96: =AD96*$I96 -> 0.21851818 | AF96: 1 | AG96: =AF96*$I96 -> 0.43703636 | AH96: =AF96 -> 1 | AI96: =AH96*$I96 -> 0.43703636 | AJ96: =AL96-AH96 -> 0 | AK96: =AJ96*$I96 -> 0 | AL96: 1 | AM96: =AL96*$I96 -> 0.43703636 | AN96: =AL96 -> 1 | AO96: =AN96*$I96 -> 0.43703636 | AP96: =AR96-AN96 -> 0 | AQ96: =AP96*$I96 -> 0 | AR96: 1 | AS96: =AR96*$I96 -> 0.43703636 | AT96: =AR96 -> 1 | AU96: =AT96*$I96 -> 0.43703636 | AV96: =AX96-AT96 -> -1 | AW96: =AV96*$I96 -> -0.43703636 | AX96: 0 | AY96: =AX96*$I96 -> 0 | AZ96: =AX96 -> 0 | BA96: =AZ96*$I96 -> 0 | BB96: =BD96-AZ96 -> 0 | BC96: =BB96*$I96 -> 0 | BD96: 0 | BE96: =BD96*$I96 -> 0 | BF96: =BD96 -> 0 | BG96: =BF96*$I96 -> 0 | BH96: =BJ96-BF96 -> 0 | BI96: =BH96*$I96 -> 0 | BJ96: 0 | BK96: =BJ96*$I96 -> 0
B98: =B96+1 -> 2 | C98: Pengadaan dan pasang penutup lantai Carpet Flowing Plank | D98: CP1 | E98: 20.124 | F98: m2 | G98: 706000 | H98: =G98*E98 -> 14207544 | I98: =(H98/$H$197)*100 -> 2.3918424 | J98: 0 | K98: =J98*$I98 -> 0 | L98: =N98-J98 -> 0 | M98: =L98*$I98 -> 0 | N98: 0 | O98: =N98*$I98 -> 0 | P98: =N98 -> 0 | Q98: =P98*$I98 -> 0 | R98: =T98-P98 -> 0 | S98: =R98*$I98 -> 0 | T98: 0 | U98: =T98*$I98 -> 0 | V98: =T98 -> 0 | W98: =V98*$I98 -> 0 | X98: =Z98-V98 -> 0 | Y98: =X98*$I98 -> 0 | Z98: 0 | AA98: =Z98*$I98 -> 0 | AB98: =Z98 -> 0 | AC98: =AB98*$I98 -> 0 | AD98: =AF98-AB98 -> 0.2 | AE98: =AD98*$I98 -> 0.47836848 | AF98: 0.2 | AG98: =AF98*$I98 -> 0.47836848 | AH98: =AF98 -> 0.2 | AI98: =AH98*$I98 -> 0.47836848 | AJ98: =AL98-AH98 -> 0.15 | AK98: =AJ98*$I98 -> 0.35877636 | AL98: 0.35 | AM98: =AL98*$I98 -> 0.83714485 | AN98: =AL98 -> 0.35 | AO98: =AN98*$I98 -> 0.83714485 | AP98: =AR98-AN98 -> 0.25 | AQ98: =AP98*$I98 -> 0.59796061 | AR98: 0.6 | AS98: =AR98*$I98 -> 1.4351055 | AT98: =AR98 -> 0.6 | AU98: =AT98*$I98 -> 1.4351055 | AV98: =AX98-AT98 -> -0.6 | AW98: =AV98*$I98 -> -1.4351055 | AX98: 0 | AY98: =AX98*$I98 -> 0 | AZ98: =AX98 -> 0 | BA98: =AZ98*$I98 -> 0 | BB98: =BD98-AZ98 -> 0 | BC98: =BB98*$I98 -> 0 | BD98: 0 | BE98: =BD98*$I98 -> 0 | BF98: =BD98 -> 0 | BG98: =BF98*$I98 -> 0 | BH98: =BJ98-BF98 -> 0 | BI98: =BH98*$I98 -> 0 | BJ98: 0 | BK98: =BJ98*$I98 -> 0
C99: =C65 -> -' Material : ex kencana arid - Interface
B101: =B98+1 -> 3 | C101: Pengadaan & pasang Partisi 2 muka | D101: P1 | E101: 10.014 | F101: m2 | G101: 310000 | H101: =G101*E101 -> 3104340 | I101: =(H101/$H$197)*100 -> 0.52261616 | J101: 0 | K101: =J101*$I101 -> 0 | L101: =N101-J101 -> 0 | M101: =L101*$I101 -> 0 | N101: 0 | O101: =N101*$I101 -> 0 | P101: =N101 -> 0 | Q101: =P101*$I101 -> 0 | R101: =T101-P101 -> 0 | S101: =R101*$I101 -> 0 | T101: 0 | U101: =T101*$I101 -> 0 | V101: =T101 -> 0 | W101: =V101*$I101 -> 0 | X101: =Z101-V101 -> 0 | Y101: =X101*$I101 -> 0 | Z101: 0 | AA101: =Z101*$I101 -> 0 | AB101: =Z101 -> 0 | AC101: =AB101*$I101 -> 0 | AD101: =AF101-AB101 -> 0 | AE101: =AD101*$I101 -> 0 | AF101: 0 | AG101: =AF101*$I101 -> 0 | AH101: =AF101 -> 0 | AI101: =AH101*$I101 -> 0 | AJ101: =AL101-AH101 -> 0.8 | AK101: =AJ101*$I101 -> 0.41809293 | AL101: 0.8 | AM101: =AL101*$I101 -> 0.41809293 | AN101: =AL101 -> 0.8 | AO101: =AN101*$I101 -> 0.41809293 | AP101: =AR101-AN101 -> 0.2 | AQ101: =AP101*$I101 -> 0.10452323 | AR101: 1 | AS101: =AR101*$I101 -> 0.52261616 | AT101: =AR101 -> 1 | AU101: =AT101*$I101 -> 0.52261616 | AV101: =AX101-AT101 -> -1 | AW101: =AV101*$I101 -> -0.52261616 | AX101: 0 | AY101: =AX101*$I101 -> 0 | AZ101: =AX101 -> 0 | BA101: =AZ101*$I101 -> 0 | BB101: =BD101-AZ101 -> 0 | BC101: =BB101*$I101 -> 0 | BD101: 0 | BE101: =BD101*$I101 -> 0 | BF101: =BD101 -> 0 | BG101: =BF101*$I101 -> 0 | BH101: =BJ101-BF101 -> 0 | BI101: =BH101*$I101 -> 0 | BJ101: 0 | BK101: =BJ101*$I101 -> 0
C102: - Material Penutup : Gypsum 12 mm ex Jayaboard/setara
C103: Rangka Metal Stud
C104: Stopping angle, control joint
C105: Jarak modul minimal 600x600 mm
B107: =B101+1 -> 4 | C107: Pek Finishing Dinding dan Partisi | D107: PT1 | E107: 34.847 | F107: m2 | G107: 45000 | H107: =G107*E107 -> 1568115 | I107: =(H107/$H$197)*100 -> 0.26399242 | J107: 0 | K107: =J107*$I107 -> 0 | L107: =N107-J107 -> 0 | M107: =L107*$I107 -> 0 | N107: 0 | O107: =N107*$I107 -> 0 | P107: =N107 -> 0 | Q107: =P107*$I107 -> 0 | R107: =T107-P107 -> 0 | S107: =R107*$I107 -> 0 | T107: 0 | U107: =T107*$I107 -> 0 | V107: =T107 -> 0 | W107: =V107*$I107 -> 0 | X107: =Z107-V107 -> 0 | Y107: =X107*$I107 -> 0 | Z107: 0 | AA107: =Z107*$I107 -> 0 | AB107: =Z107 -> 0 | AC107: =AB107*$I107 -> 0 | AD107: =AF107-AB107 -> 0 | AE107: =AD107*$I107 -> 0 | AF107: 0 | AG107: =AF107*$I107 -> 0 | AH107: =AF107 -> 0 | AI107: =AH107*$I107 -> 0 | AJ107: =AL107-AH107 -> 0 | AK107: =AJ107*$I107 -> 0 | AL107: 0 | AM107: =AL107*$I107 -> 0 | AN107: =AL107 -> 0 | AO107: =AN107*$I107 -> 0 | AP107: =AR107-AN107 -> 0.1 | AQ107: =AP107*$I107 -> 0.026399242 | AR107: 0.1 | AS107: =AR107*$I107 -> 0.026399242 | AT107: =AR107 -> 0.1 | AU107: =AT107*$I107 -> 0.026399242 | AV107: =AX107-AT107 -> -0.1 | AW107: =AV107*$I107 -> -0.026399242 | AX107: 0 | AY107: =AX107*$I107 -> 0 | AZ107: =AX107 -> 0 | BA107: =AZ107*$I107 -> 0 | BB107: =BD107-AZ107 -> 0 | BC107: =BB107*$I107 -> 0 | BD107: 0 | BE107: =BD107*$I107 -> 0 | BF107: =BD107 -> 0 | BG107: =BF107*$I107 -> 0 | BH107: =BJ107-BF107 -> 0 | BI107: =BH107*$I107 -> 0 | BJ107: 0 | BK107: =BJ107*$I107 -> 0
C108: - Material : Dulux Brilliant White
B110: =B107+1 -> 5 | C110: Pengadaan dan pasang plint lantai | D110: TB1 | E110: 3.205 | F110: m | G110: 87000 | H110: =G110*E110 -> 278835 | I110: =(H110/$H$197)*100 -> 0.046941919 | J110: 0 | K110: =J110*$I110 -> 0 | L110: =N110-J110 -> 0 | M110: =L110*$I110 -> 0 | N110: 0 | O110: =N110*$I110 -> 0 | P110: =N110 -> 0 | Q110: =P110*$I110 -> 0 | R110: =T110-P110 -> 0 | S110: =R110*$I110 -> 0 | T110: 0 | U110: =T110*$I110 -> 0 | V110: =T110 -> 0 | W110: =V110*$I110 -> 0 | X110: =Z110-V110 -> 0 | Y110: =X110*$I110 -> 0 | Z110: 0 | AA110: =Z110*$I110 -> 0 | AB110: =Z110 -> 0 | AC110: =AB110*$I110 -> 0 | AD110: =AF110-AB110 -> 0 | AE110: =AD110*$I110 -> 0 | AF110: 0 | AG110: =AF110*$I110 -> 0 | AH110: =AF110 -> 0 | AI110: =AH110*$I110 -> 0 | AJ110: =AL110-AH110 -> 0 | AK110: =AJ110*$I110 -> 0 | AL110: 0 | AM110: =AL110*$I110 -> 0 | AN110: =AL110 -> 0 | AO110: =AN110*$I110 -> 0 | AP110: =AR110-AN110 -> 0 | AQ110: =AP110*$I110 -> 0 | AR110: 0 | AS110: =AR110*$I110 -> 0 | AT110: =AR110 -> 0 | AU110: =AT110*$I110 -> 0 | AV110: =AX110-AT110 -> 0 | AW110: =AV110*$I110 -> 0 | AX110: 0 | AY110: =AX110*$I110 -> 0 | AZ110: =AX110 -> 0 | BA110: =AZ110*$I110 -> 0 | BB110: =BD110-AZ110 -> 0 | BC110: =BB110*$I110 -> 0 | BD110: 0 | BE110: =BD110*$I110 -> 0 | BF110: =BD110 -> 0 | BG110: =BF110*$I110 -> 0 | BH110: =BJ110-BF110 -> 0 | BI110: =BH110*$I110 -> 0 | BJ110: 0 | BK110: =BJ110*$I110 -> 0
C111: - Material : HPL . Ex Taco 10 x 1
B113: =B110+1 -> 6 | C113: Backdrop Ruang Rapat | E113: 1 | F113: ls | G113: 23428000 | H113: =G113*E113 -> 23428000 | I113: =(H113/$H$197)*100 -> 3.9441077 | J113: 0 | K113: =J113*$I113 -> 0 | L113: =N113-J113 -> 0 | M113: =L113*$I113 -> 0 | N113: 0 | O113: =N113*$I113 -> 0 | P113: =N113 -> 0 | Q113: =P113*$I113 -> 0 | R113: =T113-P113 -> 0 | S113: =R113*$I113 -> 0 | T113: 0 | U113: =T113*$I113 -> 0 | V113: =T113 -> 0 | W113: =V113*$I113 -> 0 | X113: =Z113-V113 -> 0 | Y113: =X113*$I113 -> 0 | Z113: 0 | AA113: =Z113*$I113 -> 0 | AB113: =Z113 -> 0 | AC113: =AB113*$I113 -> 0 | AD113: =AF113-AB113 -> 0 | AE113: =AD113*$I113 -> 0 | AF113: 0 | AG113: =AF113*$I113 -> 0 | AH113: =AF113 -> 0 | AI113: =AH113*$I113 -> 0 | AJ113: =AL113-AH113 -> 0 | AK113: =AJ113*$I113 -> 0 | AL113: 0 | AM113: =AL113*$I113 -> 0 | AN113: =AL113 -> 0 | AO113: =AN113*$I113 -> 0 | AP113: =AR113-AN113 -> 0.4 | AQ113: =AP113*$I113 -> 1.5776431 | AR113: 0.4 | AS113: =AR113*$I113 -> 1.5776431 | AT113: =AR113 -> 0.4 | AU113: =AT113*$I113 -> 1.5776431 | AV113: =AX113-AT113 -> -0.4 | AW113: =AV113*$I113 -> -1.5776431 | AX113: 0 | AY113: =AX113*$I113 -> 0 | AZ113: =AX113 -> 0 | BA113: =AZ113*$I113 -> 0 | BB113: =BD113-AZ113 -> 0 | BC113: =BB113*$I113 -> 0 | BD113: 0 | BE113: =BD113*$I113 -> 0 | BF113: =BD113 -> 0 | BG113: =BF113*$I113 -> 0 | BH113: =BJ113-BF113 -> 0 | BI113: =BH113*$I113 -> 0 | BJ113: 0 | BK113: =BJ113*$I113 -> 0
C114: 4300 X 250 X 2820 mm
C115: - Plywood 12 mm
C116: - Rangka metal stud + Insulasi Rockwool Density 80 Slab to Slab
C117: - 1 Frame TV; include 2 TV Power, 2 HDMI, 2 Data
C118: - Naad 3 mm
C119: - Sesuai gambar detail
B121: =B113+1 -> 7 | C121: Pengadaan & pasang Pintu Kaca | D121: PJ7B | E121: 1 | F121: Unit | G121: 7051000 | H121: =G121*E121 -> 7051000 | I121: =(H121/$H$197)*100 -> 1.187037 | J121: 0 | K121: =J121*$I121 -> 0 | L121: =N121-J121 -> 0 | M121: =L121*$I121 -> 0 | N121: 0 | O121: =N121*$I121 -> 0 | P121: =N121 -> 0 | Q121: =P121*$I121 -> 0 | R121: =T121-P121 -> 0 | S121: =R121*$I121 -> 0 | T121: 0 | U121: =T121*$I121 -> 0 | V121: =T121 -> 0 | W121: =V121*$I121 -> 0 | X121: =Z121-V121 -> 0 | Y121: =X121*$I121 -> 0 | Z121: 0 | AA121: =Z121*$I121 -> 0 | AB121: =Z121 -> 0 | AC121: =AB121*$I121 -> 0 | AD121: =AF121-AB121 -> 0 | AE121: =AD121*$I121 -> 0 | AF121: 0 | AG121: =AF121*$I121 -> 0 | AH121: =AF121 -> 0 | AI121: =AH121*$I121 -> 0 | AJ121: =AL121-AH121 -> 0 | AK121: =AJ121*$I121 -> 0 | AL121: 0 | AM121: =AL121*$I121 -> 0 | AN121: =AL121 -> 0 | AO121: =AN121*$I121 -> 0 | AP121: =AR121-AN121 -> 0.4 | AQ121: =AP121*$I121 -> 0.47481481 | AR121: 0.4 | AS121: =AR121*$I121 -> 0.47481481 | AT121: =AR121 -> 0.4 | AU121: =AT121*$I121 -> 0.47481481 | AV121: =AX121-AT121 -> -0.4 | AW121: =AV121*$I121 -> -0.47481481 | AX121: 0 | AY121: =AX121*$I121 -> 0 | AZ121: =AX121 -> 0 | BA121: =AZ121*$I121 -> 0 | BB121: =BD121-AZ121 -> 0 | BC121: =BB121*$I121 -> 0 | BD121: 0 | BE121: =BD121*$I121 -> 0 | BF121: =BD121 -> 0 | BG121: =BF121*$I121 -> 0 | BH121: =BJ121-BF121 -> 0 | BI121: =BH121*$I121 -> 0 | BJ121: 0 | BK121: =BJ121*$I121 -> 0
C122: spesifikasi Hardware :
C123: Daun pintu dan jendela kaca tempered 12 mm ex. Asahimas uk. 210x100 cm + Sandblast motif lokal, tingkat keburaman 80% (ditempel pada kaca bagian dalam)
B125: =B121+1 -> 8 | C125: Pengadaan & pasang Jendela Kaca Rangka Aluminium | E125: 4 | F125: m2 | G125: 3038000 | H125: =G125*E125 -> 12152000 | I125: =(H125/$H$197)*100 -> 2.0457912 | J125: 0 | K125: =J125*$I125 -> 0 | L125: =N125-J125 -> 0 | M125: =L125*$I125 -> 0 | N125: 0 | O125: =N125*$I125 -> 0 | P125: =N125 -> 0 | Q125: =P125*$I125 -> 0 | R125: =T125-P125 -> 0 | S125: =R125*$I125 -> 0 | T125: 0 | U125: =T125*$I125 -> 0 | V125: =T125 -> 0 | W125: =V125*$I125 -> 0 | X125: =Z125-V125 -> 0 | Y125: =X125*$I125 -> 0 | Z125: 0 | AA125: =Z125*$I125 -> 0 | AB125: =Z125 -> 0 | AC125: =AB125*$I125 -> 0 | AD125: =AF125-AB125 -> 0 | AE125: =AD125*$I125 -> 0 | AF125: 0 | AG125: =AF125*$I125 -> 0 | AH125: =AF125 -> 0 | AI125: =AH125*$I125 -> 0 | AJ125: =AL125-AH125 -> 0 | AK125: =AJ125*$I125 -> 0 | AL125: 0 | AM125: =AL125*$I125 -> 0 | AN125: =AL125 -> 0 | AO125: =AN125*$I125 -> 0 | AP125: =AR125-AN125 -> 0.4 | AQ125: =AP125*$I125 -> 0.8183165 | AR125: 0.4 | AS125: =AR125*$I125 -> 0.8183165 | AT125: =AR125 -> 0.4 | AU125: =AT125*$I125 -> 0.8183165 | AV125: =AX125-AT125 -> -0.4 | AW125: =AV125*$I125 -> -0.8183165 | AX125: 0 | AY125: =AX125*$I125 -> 0 | AZ125: =AX125 -> 0 | BA125: =AZ125*$I125 -> 0 | BB125: =BD125-AZ125 -> 0 | BC125: =BB125*$I125 -> 0 | BD125: 0 | BE125: =BD125*$I125 -> 0 | BF125: =BD125 -> 0 | BG125: =BF125*$I125 -> 0 | BH125: =BJ125-BF125 -> 0 | BI125: =BH125*$I125 -> 0 | BJ125: 0 | BK125: =BJ125*$I125 -> 0
C126: spesifikasi Hardware :
C127: Kusen Aluminium 4" finish powder coating warna hitam
C128: Sandblast motif lokal, tingkat keburaman 80% (ditempel pada kaca bagian dalam)
G130: Sub Total Pekerjaan Ruang rapat | H130: =SUM(H96:H129) -> 64385830
B132: II.D | C132: Pekerjaan Ruang Executive Director
B134: 1 | C134: Screeding & levelling lantai | D134: CP1 | E134: 23.345 | F134: m2 | G134: 129000 | H134: =G134*E134 -> 3011505 | I134: =(H134/$H$197)*100 -> 0.50698737 | J134: 0 | K134: =J134*$I134 -> 0 | L134: =N134-J134 -> 0 | M134: =L134*$I134 -> 0 | N134: 0 | O134: =N134*$I134 -> 0 | P134: =N134 -> 0 | Q134: =P134*$I134 -> 0 | R134: =T134-P134 -> 0 | S134: =R134*$I134 -> 0 | T134: 0 | U134: =T134*$I134 -> 0 | V134: =T134 -> 0 | W134: =V134*$I134 -> 0 | X134: =Z134-V134 -> 0.5 | Y134: =X134*$I134 -> 0.25349369 | Z134: 0.5 | AA134: =Z134*$I134 -> 0.25349369 | AB134: =Z134 -> 0.5 | AC134: =AB134*$I134 -> 0.25349369 | AD134: =AF134-AB134 -> 0.5 | AE134: =AD134*$I134 -> 0.25349369 | AF134: 1 | AG134: =AF134*$I134 -> 0.50698737 | AH134: =AF134 -> 1 | AI134: =AH134*$I134 -> 0.50698737 | AJ134: =AL134-AH134 -> 0 | AK134: =AJ134*$I134 -> 0 | AL134: 1 | AM134: =AL134*$I134 -> 0.50698737 | AN134: =AL134 -> 1 | AO134: =AN134*$I134 -> 0.50698737 | AP134: =AR134-AN134 -> 0 | AQ134: =AP134*$I134 -> 0 | AR134: 1 | AS134: =AR134*$I134 -> 0.50698737 | AT134: =AR134 -> 1 | AU134: =AT134*$I134 -> 0.50698737 | AV134: =AX134-AT134 -> -1 | AW134: =AV134*$I134 -> -0.50698737 | AX134: 0 | AY134: =AX134*$I134 -> 0 | AZ134: =AX134 -> 0 | BA134: =AZ134*$I134 -> 0 | BB134: =BD134-AZ134 -> 0 | BC134: =BB134*$I134 -> 0 | BD134: 0 | BE134: =BD134*$I134 -> 0 | BF134: =BD134 -> 0 | BG134: =BF134*$I134 -> 0 | BH134: =BJ134-BF134 -> 0 | BI134: =BH134*$I134 -> 0 | BJ134: 0 | BK134: =BJ134*$I134 -> 0
...

Sheet T_Scedule Rkp
B1: TIME SCHEDULE
B2: =Cover!C7 -> PEMBUATAN INTERIOR KANTOR REGIONAL III PT ASDP INDONESIA FERRY
B3: Pakuwon Tower Lantai 22, Jl. Embong Malang No. 32-36, Kedungdoro, Kec. Tegalsari
B4: Surabaya
B6: NO | C6: ITEM PEKERJAAN | D6: BOBOT | E6: 1 | F6: =E6+1 -> 2 | G6: =F6+1 -> 3 | H6: =G6+1 -> 4 | I6: =H6+1 -> 5 | J6: =I6+1 -> 6 | K6: =J6+1 -> 7 | L6: =K6+1 -> 8 | M6: =L6+1 -> 9
E7: =VLOOKUP(E6,mingguanptasdp,2) -> 46226 | F7: =VLOOKUP(F6,mingguanptasdp,2) -> 46230 | G7: =VLOOKUP(G6,mingguanptasdp,2) -> 46237 | H7: =VLOOKUP(H6,mingguanptasdp,2) -> 46244 | I7: =VLOOKUP(I6,mingguanptasdp,2) -> 46251 | J7: =VLOOKUP(J6,mingguanptasdp,2) -> 46258 | K7: =VLOOKUP(K6,mingguanptasdp,2) -> 46265 | L7: =VLOOKUP(L6,mingguanptasdp,2) -> 46272 | M7: =VLOOKUP(M6,mingguanptasdp,2) -> 46279
E8: =VLOOKUP(E6,mingguanptasdp,3) -> 46229 | F8: =VLOOKUP(F6,mingguanptasdp,3) -> 46236 | G8: =VLOOKUP(G6,mingguanptasdp,3) -> 46243 | H8: =VLOOKUP(H6,mingguanptasdp,3) -> 46250 | I8: =VLOOKUP(I6,mingguanptasdp,3) -> 46257 | J8: =VLOOKUP(J6,mingguanptasdp,3) -> 46264 | K8: =VLOOKUP(K6,mingguanptasdp,3) -> 46271 | L8: =VLOOKUP(L6,mingguanptasdp,3) -> 46278 | M8: =VLOOKUP(M6,mingguanptasdp,3) -> 46285
B9: 1 | C9: =B9+1 -> 2 | D9: =C9+1 -> 3 | E9: =D9+1 -> 4 | F9: =E9+1 -> 5 | G9: =F9+1 -> 6 | H9: =G9+1 -> 7 | I9: =H9+1 -> 8 | J9: =I9+1 -> 9 | ... M9: =L9+1 -> 12
A11: p | B11: =Rincian_Prog!B11 -> I | C11: =Rincian_Prog!C11 -> PEKERJAAN PERSIAPAN | D11: =SUM(Rincian_Prog!I12:I20) -> 9.3291246 | E11: =SUM('T_Scedule Rinc'!E11,'T_Scedule Rinc'!E13,'T_Scedule Rinc'!E15,'T_Scedule Rinc'!E17,'T_Scedule Rinc'!E19,'T_Scedule Rinc'!E21,'T_Scedule Rinc'!E23,'T_Scedule Rinc'!E25,'T_Scedule Rinc'!E27) -> 0.31565657 | F11: =SUM('T_Scedule Rinc'!F11,'T_Scedule Rinc'!F13,'T_Scedule Rinc'!F15,'T_Scedule Rinc'!F17,'T_Scedule Rinc'!F19,'T_Scedule Rinc'!F21,'T_Scedule Rinc'!F23,'T_Scedule Rinc'!F25,'T_Scedule Rinc'!F27) -> 2.6308923 | G11: =SUM('T_Scedule Rinc'!G11,'T_Scedule Rinc'!G13,'T_Scedule Rinc'!G15,'T_Scedule Rinc'!G17,'T_Scedule Rinc'!G19,'T_Scedule Rinc'!G21,'T_Scedule Rinc'!G23,'T_Scedule Rinc'!G25,'T_Scedule Rinc'!G27) -> 0.83122896 | H11: =SUM('T_Scedule Rinc'!H11,'T_Scedule Rinc'!H13,'T_Scedule Rinc'!H15,'T_Scedule Rinc'!H17,'T_Scedule Rinc'!H19,'T_Scedule Rinc'!H21,'T_Scedule Rinc'!H23,'T_Scedule Rinc'!H25,'T_Scedule Rinc'!H27) -> 0.32617845 | I11: =SUM('T_Scedule Rinc'!I11,'T_Scedule Rinc'!I13,'T_Scedule Rinc'!I15,'T_Scedule Rinc'!I17,'T_Scedule Rinc'!I19,'T_Scedule Rinc'!I21,'T_Scedule Rinc'!I23,'T_Scedule Rinc'!I25,'T_Scedule Rinc'!I27) -> 0.32617845 | J11: =SUM('T_Scedule Rinc'!J11,'T_Scedule Rinc'!J13,'T_Scedule Rinc'!J15,'T_Scedule Rinc'!J17,'T_Scedule Rinc'!J19,'T_Scedule Rinc'!J21,'T_Scedule Rinc'!J23,'T_Scedule Rinc'!J25,'T_Scedule Rinc'!J27) -> 0.32617845 | K11: =SUM('T_Scedule Rinc'!K11,'T_Scedule Rinc'!K13,'T_Scedule Rinc'!K15,'T_Scedule Rinc'!K17,'T_Scedule Rinc'!K19,'T_Scedule Rinc'!K21,'T_Scedule Rinc'!K23,'T_Scedule Rinc'!K25,'T_Scedule Rinc'!K27) -> 0.32617845 | L11: =SUM('T_Scedule Rinc'!L11,'T_Scedule Rinc'!L13,'T_Scedule Rinc'!L15,'T_Scedule Rinc'!L17,'T_Scedule Rinc'!L19,'T_Scedule Rinc'!L21,'T_Scedule Rinc'!L23,'T_Scedule Rinc'!L25,'T_Scedule Rinc'!L27) -> 1.6662458 | M11: =SUM('T_Scedule Rinc'!M11,'T_Scedule Rinc'!M13,'T_Scedule Rinc'!M15,'T_Scedule Rinc'!M17,'T_Scedule Rinc'!M19,'T_Scedule Rinc'!M21,'T_Scedule Rinc'!M23,'T_Scedule Rinc'!M25,'T_Scedule Rinc'!M27) -> 2.5803872 | P11: =SUM(E11:M11)-D11 -> 0
A12: r | E12: =SUM(Rincian_Prog!M12:M20) -> 0 | F12: =SUM(Rincian_Prog!S12:S20) -> 0 | G12: =SUM(Rincian_Prog!Y12:Y20) -> 1.3404882 | H12: =SUM(Rincian_Prog!AE12:AE20) -> 7.3068182 | I12: =SUM(Rincian_Prog!AK12:AK20) -> 0.22727273 | J12: =SUM(Rincian_Prog!AQ12:AQ20) -> 0.11363636 | K12: =SUM(Rincian_Prog!AW12:AW20) -> -8.9882155 | L12: =SUM(Rincian_Prog!BC12:BC20) -> 0 | M12: =SUM(Rincian_Prog!BI12:BI20) -> 0
B13: =Rincian_Prog!B24 -> II | C13: =Rincian_Prog!C24 -> PEKERJAAN FIT OUT INTERIOR DAN ARSITEKTUR
A14: p | B14: =Rincian_Prog!B25 -> II.A | C14: =Rincian_Prog!C25 -> Pekerjaan Ruang Staff & Resepsionis | D14: =SUM(Rincian_Prog!I27:I55) -> 35.219991 | E14: =SUM('T_Scedule Rinc'!E31,'T_Scedule Rinc'!E33,'T_Scedule Rinc'!E35,'T_Scedule Rinc'!E37,'T_Scedule Rinc'!E39,'T_Scedule Rinc'!E41,'T_Scedule Rinc'!E43) -> 0 | F14: =SUM('T_Scedule Rinc'!F31,'T_Scedule Rinc'!F33,'T_Scedule Rinc'!F35,'T_Scedule Rinc'!F37,'T_Scedule Rinc'!F39,'T_Scedule Rinc'!F41,'T_Scedule Rinc'!F43) -> 0.80964657 | G14: =SUM('T_Scedule Rinc'!G31,'T_Scedule Rinc'!G33,'T_Scedule Rinc'!G35,'T_Scedule Rinc'!G37,'T_Scedule Rinc'!G39,'T_Scedule Rinc'!G41,'T_Scedule Rinc'!G43) -> 3.2385863 | H14: =SUM('T_Scedule Rinc'!H31,'T_Scedule Rinc'!H33,'T_Scedule Rinc'!H35,'T_Scedule Rinc'!H37,'T_Scedule Rinc'!H39,'T_Scedule Rinc'!H41,'T_Scedule Rinc'!H43) -> 0 | I14: =SUM('T_Scedule Rinc'!I31,'T_Scedule Rinc'!I33,'T_Scedule Rinc'!I35,'T_Scedule Rinc'!I37,'T_Scedule Rinc'!I39,'T_Scedule Rinc'!I41,'T_Scedule Rinc'!I43) -> 0 | J14: =SUM('T_Scedule Rinc'!J31,'T_Scedule Rinc'!J33,'T_Scedule Rinc'!J35,'T_Scedule Rinc'!J37,'T_Scedule Rinc'!J39,'T_Scedule Rinc'!J41,'T_Scedule Rinc'!J43) -> 4.431089 | K14: =SUM('T_Scedule Rinc'!K31,'T_Scedule Rinc'!K33,'T_Scedule Rinc'!K35,'T_Scedule Rinc'!K37,'T_Scedule Rinc'!K39,'T_Scedule Rinc'!K41,'T_Scedule Rinc'!K43) -> 6.7478317 | L14: =SUM('T_Scedule Rinc'!L31,'T_Scedule Rinc'!L33,'T_Scedule Rinc'!L35,'T_Scedule Rinc'!L37,'T_Scedule Rinc'!L39,'T_Scedule Rinc'!L41,'T_Scedule Rinc'!L43) -> 15.893174 | M14: =SUM('T_Scedule Rinc'!M31,'T_Scedule Rinc'!M33,'T_Scedule Rinc'!M35,'T_Scedule Rinc'!M37,'T_Scedule Rinc'!M39,'T_Scedule Rinc'!M41,'T_Scedule Rinc'!M43) -> 4.0996633 | P14: =SUM(E14:M14)-D14 -> 0
A15: r | E15: =SUM(Rincian_Prog!M27:M55) -> 0 | F15: =SUM(Rincian_Prog!S27:S55) -> 0 | G15: =SUM(Rincian_Prog!Y27:Y55) -> 2.0241164 | H15: =SUM(Rincian_Prog!AE27:AE55) -> 6.4552054 | I15: =SUM(Rincian_Prog!AK27:AK55) -> 3.3233167 | J15: =SUM(Rincian_Prog!AQ27:AQ55) -> 4.8682209 | K15: =SUM(Rincian_Prog!AW27:AW55) -> -16.670859 | L15: =SUM(Rincian_Prog!BC27:BC55) -> 0 | M15: =SUM(Rincian_Prog!BI27:BI55) -> 0
A16: p | B16: =Rincian_Prog!B60 -> II.B | C16: =Rincian_Prog!C60 -> Pekerjaan Ruang VIP | D16: =SUM(Rincian_Prog!I62:I90) -> 10.484627 | E16: =SUM('T_Scedule Rinc'!E46,'T_Scedule Rinc'!E48,'T_Scedule Rinc'!E50,'T_Scedule Rinc'!E52,'T_Scedule Rinc'!E54,'T_Scedule Rinc'!E56,'T_Scedule Rinc'!E58,'T_Scedule Rinc'!E60) -> 0 | F16: =SUM('T_Scedule Rinc'!F46,'T_Scedule Rinc'!F48,'T_Scedule Rinc'!F50,'T_Scedule Rinc'!F52,'T_Scedule Rinc'!F54,'T_Scedule Rinc'!F56,'T_Scedule Rinc'!F58,'T_Scedule Rinc'!F60) -> 0 | G16: =SUM('T_Scedule Rinc'!G46,'T_Scedule Rinc'!G48,'T_Scedule Rinc'!G50,'T_Scedule Rinc'!G52,'T_Scedule Rinc'!G54,'T_Scedule Rinc'!G56,'T_Scedule Rinc'!G58,'T_Scedule Rinc'!G60) -> 0.43703636 | H16: =SUM('T_Scedule Rinc'!H46,'T_Scedule Rinc'!H48,'T_Scedule Rinc'!H50,'T_Scedule Rinc'!H52,'T_Scedule Rinc'!H54,'T_Scedule Rinc'!H56,'T_Scedule Rinc'!H58,'T_Scedule Rinc'!H60) -> 1.8046279 | I16: =SUM('T_Scedule Rinc'!I46,'T_Scedule Rinc'!I48,'T_Scedule Rinc'!I50,'T_Scedule Rinc'!I52,'T_Scedule Rinc'!I54,'T_Scedule Rinc'!I56,'T_Scedule Rinc'!I58,'T_Scedule Rinc'!I60) -> 0 | J16: =SUM('T_Scedule Rinc'!J46,'T_Scedule Rinc'!J48,'T_Scedule Rinc'!J50,'T_Scedule Rinc'!J52,'T_Scedule Rinc'!J54,'T_Scedule Rinc'!J56,'T_Scedule Rinc'!J58,'T_Scedule Rinc'!J60) -> 0 | K16: =SUM('T_Scedule Rinc'!K46,'T_Scedule Rinc'!K48,'T_Scedule Rinc'!K50,'T_Scedule Rinc'!K52,'T_Scedule Rinc'!K54,'T_Scedule Rinc'!K56,'T_Scedule Rinc'!K58,'T_Scedule Rinc'!K60) -> 2.717583 | L16: =SUM('T_Scedule Rinc'!L46,'T_Scedule Rinc'!L48,'T_Scedule Rinc'!L50,'T_Scedule Rinc'!L52,'T_Scedule Rinc'!L54,'T_Scedule Rinc'!L56,'T_Scedule Rinc'!L58,'T_Scedule Rinc'!L60) -> 5.5253796 | M16: =SUM('T_Scedule Rinc'!M46,'T_Scedule Rinc'!M48,'T_Scedule Rinc'!M50,'T_Scedule Rinc'!M52,'T_Scedule Rinc'!M54,'T_Scedule Rinc'!M56,'T_Scedule Rinc'!M58,'T_Scedule Rinc'!M60) -> 0 | P16: =SUM(E16:M16)-D16 -> 0
A17: r | E17: =SUM(Rincian_Prog!M62:M90) -> 0 | F17: =SUM(Rincian_Prog!S62:S90) -> 0 | G17: =SUM(Rincian_Prog!Y62:Y90) -> 0.21851818 | H17: =SUM(Rincian_Prog!AE62:AE90) -> 0.69688667 | I17: =SUM(Rincian_Prog!AK62:AK90) -> 1.8024787 | J17: =SUM(Rincian_Prog!AQ62:AQ90) -> 3.1517491 | K17: =SUM(Rincian_Prog!AW62:AW990) -> -72.944467 | L17: =SUM(Rincian_Prog!BC62:BC90) -> 0 | M17: =SUM(Rincian_Prog!BI62:BI90) -> 0
A18: p | B18: =Rincian_Prog!B94 -> II.C | C18: =Rincian_Prog!C94 -> Pekerjaan Ruang Rapat Umum | D18: =SUM(Rincian_Prog!I96:I125) -> 10.839365 | E18: =SUM('T_Scedule Rinc'!E63,'T_Scedule Rinc'!E65,'T_Scedule Rinc'!E67,'T_Scedule Rinc'!E69,'T_Scedule Rinc'!E71,'T_Scedule Rinc'!E73,'T_Scedule Rinc'!E75,'T_Scedule Rinc'!E77) -> 0 | F18: =SUM('T_Scedule Rinc'!F63,'T_Scedule Rinc'!F65,'T_Scedule Rinc'!F67,'T_Scedule Rinc'!F69,'T_Scedule Rinc'!F71,'T_Scedule Rinc'!F73,'T_Scedule Rinc'!F75,'T_Scedule Rinc'!F77) -> 0 | G18: =SUM('T_Scedule Rinc'!G63,'T_Scedule Rinc'!G65,'T_Scedule Rinc'!G67,'T_Scedule Rinc'!G69,'T_Scedule Rinc'!G71,'T_Scedule Rinc'!G73,'T_Scedule Rinc'!G75,'T_Scedule Rinc'!G77) -> 0.43703636 | H18: =SUM('T_Scedule Rinc'!H63,'T_Scedule Rinc'!H65,'T_Scedule Rinc'!H67,'T_Scedule Rinc'!H69,'T_Scedule Rinc'!H71,'T_Scedule Rinc'!H73,'T_Scedule Rinc'!H75,'T_Scedule Rinc'!H77) -> 0.52261616 | I18: =SUM('T_Scedule Rinc'!I63,'T_Scedule Rinc'!I65,'T_Scedule Rinc'!I67,'T_Scedule Rinc'!I69,'T_Scedule Rinc'!I71,'T_Scedule Rinc'!I73,'T_Scedule Rinc'!I75,'T_Scedule Rinc'!I77) -> 0 | J18: =SUM('T_Scedule Rinc'!J63,'T_Scedule Rinc'!J65,'T_Scedule Rinc'!J67,'T_Scedule Rinc'!J69,'T_Scedule Rinc'!J71,'T_Scedule Rinc'!J73,'T_Scedule Rinc'!J75,'T_Scedule Rinc'!J77) -> 0.0093883838 | K18: =SUM('T_Scedule Rinc'!K63,'T_Scedule Rinc'!K65,'T_Scedule Rinc'!K67,'T_Scedule Rinc'!K69,'T_Scedule Rinc'!K71,'T_Scedule Rinc'!K73,'T_Scedule Rinc'!K75,'T_Scedule Rinc'!K77) -> 3.7753258 | L18: =SUM('T_Scedule Rinc'!L63,'T_Scedule Rinc'!L65,'T_Scedule Rinc'!L67,'T_Scedule Rinc'!L69,'T_Scedule Rinc'!L71,'T_Scedule Rinc'!L73,'T_Scedule Rinc'!L75,'T_Scedule Rinc'!L77) -> 4.9117663 | M18: =SUM('T_Scedule Rinc'!M63,'T_Scedule Rinc'!M65,'T_Scedule Rinc'!M67,'T_Scedule Rinc'!M69,'T_Scedule Rinc'!M71,'T_Scedule Rinc'!M73,'T_Scedule Rinc'!M75,'T_Scedule Rinc'!M77) -> 1.1832323 | P18: =SUM(E18:M18)-D18 -> 0
A19: r | E19: =SUM(Rincian_Prog!M96:M125) -> 0 | F19: =SUM(Rincian_Prog!S96:S125) -> 0 | G19: =SUM(Rincian_Prog!Y96:Y125) -> 0.21851818 | H19: =SUM(Rincian_Prog!AE96:AE125) -> 0.69688667 | I19: =SUM(Rincian_Prog!AK96:AK125) -> 0.77686929 | J19: =SUM(Rincian_Prog!AQ96:AQ125) -> 3.5996575 | K19: =SUM(Rincian_Prog!AW96:AW125) -> -5.2919316 | L19: =SUM(Rincian_Prog!BC96:BC125) -> 0 | M19: =SUM(Rincian_Prog!BI96:BI125) -> 0
A20: p | B20: =Rincian_Prog!B132 -> II.D | C20: =Rincian_Prog!C132 -> Pekerjaan Ruang Executive Director | D20: =SUM(Rincian_Prog!I134:I163) -> 11.097262 | E20: =SUM('T_Scedule Rinc'!E80,'T_Scedule Rinc'!E82,'T_Scedule Rinc'!E84,'T_Scedule Rinc'!E86,'T_Scedule Rinc'!E88,'T_Scedule Rinc'!E90,'T_Scedule Rinc'!E92,'T_Scedule Rinc'!E94) -> 0 | F20: =SUM('T_Scedule Rinc'!F80,'T_Scedule Rinc'!F82,'T_Scedule Rinc'!F84,'T_Scedule Rinc'!F86,'T_Scedule Rinc'!F88,'T_Scedule Rinc'!F90,'T_Scedule Rinc'!F92,'T_Scedule Rinc'!F94) -> 0 | G20: =SUM('T_Scedule Rinc'!G80,'T_Scedule Rinc'!G82,'T_Scedule Rinc'!G84,'T_Scedule Rinc'!G86,'T_Scedule Rinc'!G88,'T_Scedule Rinc'!G90,'T_Scedule Rinc'!G92,'T_Scedule Rinc'!G94) -> 0.50698737 | H20: =SUM('T_Scedule Rinc'!H80,'T_Scedule Rinc'!H82,'T_Scedule Rinc'!H84,'T_Scedule Rinc'!H86,'T_Scedule Rinc'!H88,'T_Scedule Rinc'!H90,'T_Scedule Rinc'!H92,'T_Scedule Rinc'!H94) -> 0.63727441 | I20: =SUM('T_Scedule Rinc'!I80,'T_Scedule Rinc'!I82,'T_Scedule Rinc'!I84,'T_Scedule Rinc'!I86,'T_Scedule Rinc'!I88,'T_Scedule Rinc'!I90,'T_Scedule Rinc'!I92,'T_Scedule Rinc'!I94) -> 0.63727441 | J20: =SUM('T_Scedule Rinc'!J80,'T_Scedule Rinc'!J82,'T_Scedule Rinc'!J84,'T_Scedule Rinc'!J86,'T_Scedule Rinc'!J88,'T_Scedule Rinc'!J90,'T_Scedule Rinc'!J92,'T_Scedule Rinc'!J94) -> 0 | K20: =SUM('T_Scedule Rinc'!K80,'T_Scedule Rinc'!K82,'T_Scedule Rinc'!K84,'T_Scedule Rinc'!K86,'T_Scedule Rinc'!K88,'T_Scedule Rinc'!K90,'T_Scedule Rinc'!K92,'T_Scedule Rinc'!K94) -> 3.8642554 | L20: =SUM('T_Scedule Rinc'!L80,'T_Scedule Rinc'!L82,'T_Scedule Rinc'!L84,'T_Scedule Rinc'!L86,'T_Scedule Rinc'!L88,'T_Scedule Rinc'!L90,'T_Scedule Rinc'!L92,'T_Scedule Rinc'!L94) -> 3.2676323 | M20: =SUM('T_Scedule Rinc'!M80,'T_Scedule Rinc'!M82,'T_Scedule Rinc'!M84,'T_Scedule Rinc'!M86,'T_Scedule Rinc'!M88,'T_Scedule Rinc'!M90,'T_Scedule Rinc'!M92,'T_Scedule Rinc'!M94) -> 2.1838384 | P20: =SUM(E20:M20)-D20 -> 0
A21: r | E21: =SUM(Rincian_Prog!M134:M163) -> 0 | F21: =SUM(Rincian_Prog!S134:S163) -> 0 | G21: =SUM(Rincian_Prog!Y134:Y163) -> 0.25349369 | H21: =SUM(Rincian_Prog!AE134:AE163) -> 0.8084287 | I21: =SUM(Rincian_Prog!AK134:AK163) -> 1.4358403 | J21: =SUM(Rincian_Prog!AQ134:AQ163) -> 2.9272075 | K21: =SUM(Rincian_Prog!AW134:AW163) -> -5.4249702 | L21: =SUM(Rincian_Prog!BC134:BC163) -> 0 | M21: =SUM(Rincian_Prog!BI134:BI163) -> 0
B22: =Rincian_Prog!B169 -> III | C22: =Rincian_Prog!C169 -> PEKERJAAN MEKANIKAL ELEKTRIKAL
A23: p | B23: =Rincian_Prog!B170 -> III.A | C23: =Rincian_Prog!C170 -> Pekerjaan Elektrikal | D23: =SUM(Rincian_Prog!I171:I191) -> 22.673401 | E23: =SUM('T_Scedule Rinc'!E98,'T_Scedule Rinc'!E100,'T_Scedule Rinc'!E102,'T_Scedule Rinc'!E104,'T_Scedule Rinc'!E106,'T_Scedule Rinc'!E108,'T_Scedule Rinc'!E110,'T_Scedule Rinc'!E112,'T_Scedule Rinc'!E114,'T_Scedule Rinc'!E116,'T_Scedule Rinc'!E118) -> 0 | F23: =SUM('T_Scedule Rinc'!F98,'T_Scedule Rinc'!F100,'T_Scedule Rinc'!F102,'T_Scedule Rinc'!F104,'T_Scedule Rinc'!F106,'T_Scedule Rinc'!F108,'T_Scedule Rinc'!F110,'T_Scedule Rinc'!F112,'T_Scedule Rinc'!F114,'T_Scedule Rinc'!F116,'T_Scedule Rinc'!F118) -> 0 | G23: =SUM('T_Scedule Rinc'!G98,'T_Scedule Rinc'!G100,'T_Scedule Rinc'!G102,'T_Scedule Rinc'!G104,'T_Scedule Rinc'!G106,'T_Scedule Rinc'!G108,'T_Scedule Rinc'!G110,'T_Scedule Rinc'!G112,'T_Scedule Rinc'!G114,'T_Scedule Rinc'!G116,'T_Scedule Rinc'!G118) -> 0 | H23: =SUM('T_Scedule Rinc'!H98,'T_Scedule Rinc'!H100,'T_Scedule Rinc'!H102,'T_Scedule Rinc'!H104,'T_Scedule Rinc'!H106,'T_Scedule Rinc'!H108,'T_Scedule Rinc'!H110,'T_Scedule Rinc'!H112,'T_Scedule Rinc'!H114,'T_Scedule Rinc'!H116,'T_Scedule Rinc'!H118) -> 1.6981481 | I23: =SUM('T_Scedule Rinc'!I98,'T_Scedule Rinc'!I100,'T_Scedule Rinc'!I102,'T_Scedule Rinc'!I104,'T_Scedule Rinc'!I106,'T_Scedule Rinc'!I108,'T_Scedule Rinc'!I110,'T_Scedule Rinc'!I112,'T_Scedule Rinc'!I114,'T_Scedule Rinc'!I116,'T_Scedule Rinc'!I118) -> 4.228101 | J23: =SUM('T_Scedule Rinc'!J98,'T_Scedule Rinc'!J100,'T_Scedule Rinc'!J102,'T_Scedule Rinc'!J104,'T_Scedule Rinc'!J106,'T_Scedule Rinc'!J108,'T_Scedule Rinc'!J110,'T_Scedule Rinc'!J112,'T_Scedule Rinc'!J114,'T_Scedule Rinc'!J116,'T_Scedule Rinc'!J118) -> 6.632202 | K23: =SUM('T_Scedule Rinc'!K98,'T_Scedule Rinc'!K100,'T_Scedule Rinc'!K102,'T_Scedule Rinc'!K104,'T_Scedule Rinc'!K106,'T_Scedule Rinc'!K108,'T_Scedule Rinc'!K110,'T_Scedule Rinc'!K112,'T_Scedule Rinc'!K114,'T_Scedule Rinc'!K116,'T_Scedule Rinc'!K118) -> 3.9619192 | L23: =SUM('T_Scedule Rinc'!L98,'T_Scedule Rinc'!L100,'T_Scedule Rinc'!L102,'T_Scedule Rinc'!L104,'T_Scedule Rinc'!L106,'T_Scedule Rinc'!L108,'T_Scedule Rinc'!L110,'T_Scedule Rinc'!L112,'T_Scedule Rinc'!L114,'T_Scedule Rinc'!L116,'T_Scedule Rinc'!L118) -> 4.1368687 | M23: =SUM('T_Scedule Rinc'!M98,'T_Scedule Rinc'!M100,'T_Scedule Rinc'!M102,'T_Scedule Rinc'!M104,'T_Scedule Rinc'!M106,'T_Scedule Rinc'!M108,'T_Scedule Rinc'!M110,'T_Scedule Rinc'!M112,'T_Scedule Rinc'!M114,'T_Scedule Rinc'!M116,'T_Scedule Rinc'!M118) -> 2.0161616 | P23: =SUM(E23:M23)-D23 -> 0
A24: r | E24: =SUM(Rincian_Prog!M171:M191) -> 0 | F24: =SUM(Rincian_Prog!S171:S191) -> 0 | G24: =SUM(Rincian_Prog!Y171:Y191) -> 0 | H24: =SUM(Rincian_Prog!AE171:AE191) -> 0 | I24: =SUM(Rincian_Prog!AK171:AK191) -> 4.589596 | J24: =SUM(Rincian_Prog!AQ171:AQ191) -> 2.4665657 | K24: =SUM(Rincian_Prog!AW171:AW191) -> -7.0561616 | L24: =SUM(Rincian_Prog!BC171:BC191) -> 0 | M24: =SUM(Rincian_Prog!BI171:BI191) -> 0
A25: p | B25: =Rincian_Prog!B192 -> III.B | C25: =Rincian_Prog!C192 -> Pekerjaan Exhaust Fan | D25: =SUM(Rincian_Prog!I193:I194) -> 0.35622963 | E25: =SUM('T_Scedule Rinc'!E121) -> 0 | F25: =SUM('T_Scedule Rinc'!F121) -> 0 | G25: =SUM('T_Scedule Rinc'!G121) -> 0 | H25: =SUM('T_Scedule Rinc'!H121) -> 0 | I25: =SUM('T_Scedule Rinc'!I121) -> 0 | J25: =SUM('T_Scedule Rinc'!J121) -> 0 | K25: =SUM('T_Scedule Rinc'!K121) -> 0 | L25: =SUM('T_Scedule Rinc'!L121) -> 0 | M25: =SUM('T_Scedule Rinc'!M121) -> 0.35622963 | P25: =SUM(E25:M25)-D25 -> 0
A26: r | E26: =SUM(Rincian_Prog!M193:M194) -> 0 | F26: =SUM(Rincian_Prog!S193:S194) -> 0 | G26: =SUM(Rincian_Prog!Y193:Y194) -> 0 | H26: =SUM(Rincian_Prog!AE193:AE194) -> 0 | I26: =SUM(Rincian_Prog!AK193:AK194) -> 0 | J26: =SUM(Rincian_Prog!AQ193:AQ194) -> 0 | K26: =SUM(Rincian_Prog!AW193:AW194) -> 0 | L26: =SUM(Rincian_Prog!BC193:BC194) -> 0 | M26: =SUM(Rincian_Prog!BI193:BI194) -> 0
D28: =SUM(D10:D26) -> 100
C29: RENCANA | D29: 0 | E29: =SUMIF(t_scedule_rkp,"P",E10:E27) -> 0.31565657 | F29: =SUMIF(t_scedule_rkp,"P",F10:F27) -> 3.4405388 | G29: =SUMIF(t_scedule_rkp,"P",G10:G27) -> 5.4508753 | H29: =SUMIF(t_scedule_rkp,"P",H10:H27) -> 4.9888451 | I29: =SUMIF(t_scedule_rkp,"P",I10:I27) -> 5.1915539 | J29: =SUMIF(t_scedule_rkp,"P",J10:J27) -> 11.398858 | K29: =SUMIF(t_scedule_rkp,"P",K10:K27) -> 21.393093 | L29: =SUMIF(t_scedule_rkp,"P",L10:L27) -> 35.401067 | M29: =SUMIF(t_scedule_rkp,"P",M10:M27) -> 12.419512
C30: RENCANA KOMULATIF | D30: 0 | E30: =D30+E29 -> 0.31565657 | F30: =E30+F29 -> 3.7561954 | G30: =F30+G29 -> 9.2070707 | H30: =G30+H29 -> 14.195916 | I30: =H30+I29 -> 19.38747 | J30: =I30+J29 -> 30.786328 | K30: =J30+K29 -> 52.179421 | L30: =K30+L29 -> 87.580488 | M30: =L30+M29 -> 100
C31: REALISASI | D31: 0 | E31: =SUMIF(t_scedule_rkp,"R",E10:E27) -> 0 | F31: =SUMIF(t_scedule_rkp,"R",F10:F27) -> 0 | G31: =SUMIF(t_scedule_rkp,"R",G10:G27) -> 4.0551347 | H31: =SUMIF(t_scedule_rkp,"R",H10:H27) -> 15.964226 | I31: =SUMIF(t_scedule_rkp,"R",I10:I27) -> 12.155374 | J31: =SUMIF(t_scedule_rkp,"R",J10:J27) -> 17.127037
C32: REALISASI KOMULATIF | D32: 0 | E32: =D32+E31 -> 0 | F32: =E32+F31 -> 0 | G32: =F32+G31 -> 4.0551347 | H32: =G32+H31 -> 20.01936 | I32: =H32+I31 -> 32.174734 | J32: =I32+J31 -> 49.301771
C33: DEVIASI | D33: 0 | E33: =E32-E30 -> -0.31565657 | F33: =F32-F30 -> -3.7561954 | G33: =G32-G30 -> -5.151936 | H33: =H32-H30 -> 5.8234444 | I33: =I32-I30 -> 12.787264 | J33: =J32-J30 -> 18.515444

Sheet T_Scedule Rinc
B1: TIME SCHEDULE
B2: =Cover!C7 -> PEMBUATAN INTERIOR KANTOR REGIONAL III PT ASDP INDONESIA FERRY
B3: Pakuwon Tower Lantai 22, Jl. Embong Malang No. 32-36, Kedungdoro, Kec. Tegalsari
B4: Surabaya
B6: NO | C6: ITEM PEKERJAAN | D6: BOBOT | E6: 1 | F6: =E6+1 -> 2 | G6: =F6+1 -> 3 | H6: =G6+1 -> 4 | I6: =H6+1 -> 5 | J6: =I6+1 -> 6 | K6: =J6+1 -> 7 | L6: =K6+1 -> 8 | M6: =L6+1 -> 9
E7: =VLOOKUP(E6,mingguanptasdp,2) -> 46226 | F7: =VLOOKUP(F6,mingguanptasdp,2) -> 46230 | G7: =VLOOKUP(G6,mingguanptasdp,2) -> 46237 | H7: =VLOOKUP(H6,mingguanptasdp,2) -> 46244 | I7: =VLOOKUP(I6,mingguanptasdp,2) -> 46251 | J7: =VLOOKUP(J6,mingguanptasdp,2) -> 46258 | K7: =VLOOKUP(K6,mingguanptasdp,2) -> 46265 | L7: =VLOOKUP(L6,mingguanptasdp,2) -> 46272 | M7: =VLOOKUP(M6,mingguanptasdp,2) -> 46279
E8: =VLOOKUP(E6,mingguanptasdp,3) -> 46229 | F8: =VLOOKUP(F6,mingguanptasdp,3) -> 46236 | G8: =VLOOKUP(G6,mingguanptasdp,3) -> 46243 | H8: =VLOOKUP(H6,mingguanptasdp,3) -> 46250 | I8: =VLOOKUP(I6,mingguanptasdp,3) -> 46257 | J8: =VLOOKUP(J6,mingguanptasdp,3) -> 46264 | K8: =VLOOKUP(K6,mingguanptasdp,3) -> 46271 | L8: =VLOOKUP(L6,mingguanptasdp,3) -> 46278 | M8: =VLOOKUP(M6,mingguanptasdp,3) -> 46285
B9: 1 | C9: =B9+1 -> 2 | D9: =C9+1 -> 3 | E9: =D9+1 -> 4 | F9: =E9+1 -> 5 | G9: =F9+1 -> 6 | H9: =G9+1 -> 7 | I9: =H9+1 -> 8 | J9: =I9+1 -> 9 | ... M9: =L9+1 -> 12
B10: I | C10: PEKERJAAN PERSIAPAN
A11: p | B11: 1 | C11: Marking dan pengukuran ulang | D11: =Rincian_Prog!I12 -> 0.52609428 | E11: =$D11*60% -> 0.31565657 | F11: =$D11*40% -> 0.21043771
A12: r | E12: =Rincian_Prog!M12 -> 0 | F12: =Rincian_Prog!S12 -> 0 | G12: =Rincian_Prog!Y12 -> 0.26304714 | H12: =Rincian_Prog!AE12 -> 0.26304714 | I12: =Rincian_Prog!AK12 -> 0 | J12: =Rincian_Prog!AQ12 -> 0 | K12: =Rincian_Prog!AW12 -> -0.52609428 | L12: =Rincian_Prog!BC12 -> 0 | M12: =Rincian_Prog!BI12 -> 0
A13: p | B13: 2 | C13: Mobilisasi dan demobilisasi (meliputi material & tenaga kerja) | D13: =Rincian_Prog!I13 -> 0.84175084 | F13: =$D13*40% -> 0.33670034 | G13: =$D13*60% -> 0.50505051
A14: r | E14: =Rincian_Prog!M13 -> 0 | F14: =Rincian_Prog!S13 -> 0 | G14: =Rincian_Prog!Y13 -> 0 | H14: =Rincian_Prog!AE13 -> 0.84175084 | I14: =Rincian_Prog!AK13 -> 0 | J14: =Rincian_Prog!AQ13 -> 0 | K14: =Rincian_Prog!AW13 -> -0.84175084 | L14: =Rincian_Prog!BC13 -> 0 | M14: =Rincian_Prog!BI13 -> 0
A15: p | B15: 3 | C15: Biaya Air dan Listrik selama pekerjaan | D15: =Rincian_Prog!I14 -> 1.3468013 | F15: =$D15/$L$6 -> 0.16835017 | G15: =$D15/$L$6 -> 0.16835017 | H15: =$D15/$L$6 -> 0.16835017 | I15: =$D15/$L$6 -> 0.16835017 | J15: =$D15/$L$6 -> 0.16835017 | K15: =$D15/$L$6 -> 0.16835017 | L15: =$D15/$L$6 -> 0.16835017 | M15: =$D15/$L$6 -> 0.16835017
A16: r | E16: =Rincian_Prog!M14 -> 0 | F16: =Rincian_Prog!S14 -> 0 | G16: =Rincian_Prog!Y14 -> 0 | H16: =Rincian_Prog!AE14 -> 1.3468013 | I16: =Rincian_Prog!AK14 -> 0 | J16: =Rincian_Prog!AQ14 -> 0 | K16: =Rincian_Prog!AW14 -> -1.3468013 | L16: =Rincian_Prog!BC14 -> 0 | M16: =Rincian_Prog!BI14 -> 0
A17: p | B17: 4 | C17: Biaya pengamanan barang di lokasi | D17: =Rincian_Prog!I15 -> 1.1616162 | F17: =$D17*100% -> 1.1616162
A18: r | E18: =Rincian_Prog!M15 -> 0 | F18: =Rincian_Prog!S15 -> 0 | G18: =Rincian_Prog!Y15 -> 0 | H18: =Rincian_Prog!AE15 -> 1.1616162 | I18: =Rincian_Prog!AK15 -> 0 | J18: =Rincian_Prog!AQ15 -> 0 | K18: =Rincian_Prog!AW15 -> -1.1616162 | L18: =Rincian_Prog!BC15 -> 0 | M18: =Rincian_Prog!BI15 -> 0
A19: p | B19: 5 | C19: Biaya Kebersihan proyek | D19: =Rincian_Prog!I16 -> 1.1111111 | L19: =$D19*60% -> 0.66666667 | M19: =$D19*40% -> 0.44444444
A20: r | E20: =Rincian_Prog!M16 -> 0 | F20: =Rincian_Prog!S16 -> 0 | G20: =Rincian_Prog!Y16 -> 0 | H20: =Rincian_Prog!AE16 -> 1.1111111 | I20: =Rincian_Prog!AK16 -> 0 | J20: =Rincian_Prog!AQ16 -> 0 | K20: =Rincian_Prog!AW16 -> -1.1111111 | L20: =Rincian_Prog!BC16 -> 0 | M20: =Rincian_Prog!BI16 -> 0
A21: p | B21: 6 | C21: Pengangkutan/Pembuangan puing bekas bongkaran ; satuan mobil truck engkel | D21: =Rincian_Prog!I17 -> 1.1363636 | M21: =$D21 -> 1.1363636
A22: r | E22: =Rincian_Prog!M17 -> 0 | F22: =Rincian_Prog!S17 -> 0 | G22: =Rincian_Prog!Y17 -> 0 | H22: =Rincian_Prog!AE17 -> 0.45454545 | I22: =Rincian_Prog!AK17 -> 0.22727273 | J22: =Rincian_Prog!AQ17 -> 0.11363636 | K22: =Rincian_Prog!AW17 -> -0.79545455 | L22: =Rincian_Prog!BC17 -> 0 | M22: =Rincian_Prog!BI17 -> 0
A23: p | B23: 7 | C23: Peralatan dan Material Bantu (Scafolding, terpal Plastik, exhaust/blower dll ) | D23: =Rincian_Prog!I18 -> 0.5959596 | F23: =$D23*100% -> 0.5959596
A24: r | E24: =Rincian_Prog!M18 -> 0 | F24: =Rincian_Prog!S18 -> 0 | G24: =Rincian_Prog!Y18 -> 0 | H24: =Rincian_Prog!AE18 -> 0.5959596 | I24: =Rincian_Prog!AK18 -> 0 | J24: =Rincian_Prog!AQ18 -> 0 | K24: =Rincian_Prog!AW18 -> -0.5959596 | L24: =Rincian_Prog!BC18 -> 0 | M24: =Rincian_Prog!BI18 -> 0
A25: p | B25: 8 | C25: Hard copy As Built drawing dan approval material | D25: =Rincian_Prog!I19 -> 1.3468013 | L25: =$D25*50% -> 0.67340067 | M25: =$D25*50% -> 0.67340067
A26: r | E26: =Rincian_Prog!M19 -> 0 | F26: =Rincian_Prog!S19 -> 0 | G26: =Rincian_Prog!Y19 -> 1.0774411 | H26: =Rincian_Prog!AE19 -> 0.26936027 | I26: =Rincian_Prog!AK19 -> 0 | J26: =Rincian_Prog!AQ19 -> 0 | K26: =Rincian_Prog!AW19 -> -1.3468013 | L26: =Rincian_Prog!BC19 -> 0 | M26: =Rincian_Prog!BI19 -> 0
A27: p | B27: 9 | C27: Deposit Gedung | D27: =Rincian_Prog!I20 -> 1.2626263 | F27: =$D27/$L$6 -> 0.15782828 | G27: =$D27/$L$6 -> 0.15782828 | H27: =$D27/$L$6 -> 0.15782828 | I27: =$D27/$L$6 -> 0.15782828 | J27: =$D27/$L$6 -> 0.15782828 | K27: =$D27/$L$6 -> 0.15782828 | L27: =$D27/$L$6 -> 0.15782828 | M27: =$D27/$L$6 -> 0.15782828
A28: r | E28: =Rincian_Prog!M20 -> 0 | F28: =Rincian_Prog!S20 -> 0 | G28: =Rincian_Prog!Y20 -> 0 | H28: =Rincian_Prog!AE20 -> 1.2626263 | I28: =Rincian_Prog!AK20 -> 0 | J28: =Rincian_Prog!AQ20 -> 0 | K28: =Rincian_Prog!AW20 -> -1.2626263 | L28: =Rincian_Prog!BC20 -> 0 | M28: =Rincian_Prog!BI20 -> 0
B29: II | C29: PEKERJAAN FIT OUT INTERIOR DAN ARSITEKTUR
B30: II.A | C30: Pekerjaan Ruang Staff & Resepsionis
A31: p | B31: 1 | C31: Screeding & levelling lantai | D31: =Rincian_Prog!I27 -> 4.0482328 | F31: =$D31*20% -> 0.80964657 | G31: =$D31*80% -> 3.2385863
A32: r | E32: =Rincian_Prog!M27 -> 0 | F32: =Rincian_Prog!S27 -> 0 | G32: =Rincian_Prog!Y27 -> 2.0241164 | H32: =Rincian_Prog!AE27 -> 2.0241164 | I32: =Rincian_Prog!AK27 -> 0 | J32: =Rincian_Prog!AQ27 -> 0 | K32: =Rincian_Prog!AW27 -> -4.0482328 | L32: =Rincian_Prog!BC27 -> 0 | M32: =Rincian_Prog!BI27 -> 0
A33: p | B33: =B31+1 -> 2 | C33: Pengadaan dan pasang penutup lantai Carpet Flowing Plank | D33: =Rincian_Prog!I29 -> 22.155445 | J33: =$D33*20% -> 4.431089 | K33: =$D33*30% -> 6.6466334 | L33: =$D33*50% -> 11.077722
A34: r | E34: =Rincian_Prog!M29 -> 0 | F34: =Rincian_Prog!S29 -> 0 | G34: =Rincian_Prog!Y29 -> 0 | H34: =Rincian_Prog!AE29 -> 4.431089 | I34: =Rincian_Prog!AK29 -> 3.3233167 | J34: =Rincian_Prog!AQ29 -> 3.3233167 | K34: =Rincian_Prog!AW29 -> -11.077722 | L34: =Rincian_Prog!BC29 -> 0 | M34: =Rincian_Prog!BI29 -> 0
A35: p | B35: =B33+1 -> 3 | C35: Pek Finishing Dinding dan Partisi | D35: =Rincian_Prog!I32 -> 0.73119697 | L35: =D35 -> 0.73119697
A36: r | E36: =Rincian_Prog!M32 -> 0 | F36: =Rincian_Prog!S32 -> 0 | G36: =Rincian_Prog!Y32 -> 0 | H36: =Rincian_Prog!AE32 -> 0 | I36: =Rincian_Prog!AK32 -> 0 | J36: =Rincian_Prog!AQ32 -> 0.073119697 | K36: =Rincian_Prog!AW32 -> -0.073119697 | L36: =Rincian_Prog!BC32 -> 0 | M36: =Rincian_Prog!BI32 -> 0
A37: p | B37: =B35+1 -> 4 | C37: Pengadaan dan pasang plint lantai | D37: =Rincian_Prog!I35 -> 0.50599141 | K37: =$D37*20% -> 0.10119828 | L37: =$D37*80% -> 0.40479313
A38: r | E38: =Rincian_Prog!M35 -> 0 | F38: =Rincian_Prog!S35 -> 0 | G38: =Rincian_Prog!Y35 -> 0 | H38: =Rincian_Prog!AE35 -> 0 | I38: =Rincian_Prog!AK35 -> 0 | J38: =Rincian_Prog!AQ35 -> 0 | K38: =Rincian_Prog!AW35 -> 0 | L38: =Rincian_Prog!BC35 -> 0 | M38: =Rincian_Prog!BI35 -> 0
A39: p | B39: =B37+1 -> 5 | C39: Pek Signed ASDP Uk. 135 x 100 cm | D39: =Rincian_Prog!I38 -> 0.87659933 | M39: =$D39 -> 0.87659933
A40: r | E40: =Rincian_Prog!M38 -> 0 | F40: =Rincian_Prog!S38 -> 0 | G40: =Rincian_Prog!Y38 -> 0 | H40: =Rincian_Prog!AE38 -> 0 | I40: =Rincian_Prog!AK38 -> 0 | J40: =Rincian_Prog!AQ38 -> 0 | K40: =Rincian_Prog!AW38 -> 0 | L40: =Rincian_Prog!BC38 -> 0 | M40: =Rincian_Prog!BI38 -> 0
A41: p | B41: =B39+1 -> 6 | C41: Backdrop Resepsionis | D41: =Rincian_Prog!I40 -> 3.6794613 | L41: =$D41 -> 3.6794613
A42: r | E42: =Rincian_Prog!M40 -> 0 | F42: =Rincian_Prog!S40 -> 0 | G42: =Rincian_Prog!Y40 -> 0 | H42: =Rincian_Prog!AE40 -> 0 | I42: =Rincian_Prog!AK40 -> 0 | J42: =Rincian_Prog!AQ40 -> 1.4717845 | K42: =Rincian_Prog!AW40 -> -1.4717845 | L42: =Rincian_Prog!BC40 -> 0 | M42: =Rincian_Prog!BI40 -> 0
A43: p | B43: =B41+1 -> 7 | C43: Dry Pantry Workcafé | D43: =Rincian_Prog!I43 -> 3.223064 | M43: =$D43 -> 3.223064
A44: r | E44: =Rincian_Prog!M43 -> 0 | F44: =Rincian_Prog!S43 -> 0 | G44: =Rincian_Prog!Y43 -> 0 | H44: =Rincian_Prog!AE43 -> 0 | I44: =Rincian_Prog!AK43 -> 0 | J44: =Rincian_Prog!AQ43 -> 0 | K44: =Rincian_Prog!AW43 -> 0 | L44: =Rincian_Prog!BC43 -> 0 | M44: =Rincian_Prog!BI43 -> 0
B45: II.B | C45: Pekerjaan Ruang VIP
A46: p | B46: 1 | C46: Screeding & levelling lantai | D46: =Rincian_Prog!I62 -> 0.43703636 | G46: =$D46*100% -> 0.43703636
A47: r | E47: =Rincian_Prog!M62 -> 0 | F47: =Rincian_Prog!S62 -> 0 | G47: =Rincian_Prog!Y62 -> 0.21851818 | H47: =Rincian_Prog!AE62 -> 0.21851818 | I47: =Rincian_Prog!AK62 -> 0 | J47: =Rincian_Prog!AQ62 -> 0 | K47: =Rincian_Prog!AW62 -> -0.43703636 | L47: =Rincian_Prog!BC62 -> 0 | M47: =Rincian_Prog!BI62 -> 0
A48: p | B48: =B46+1 -> 2 | C48: Pengadaan dan pasang penutup lantai Carpet Flowing Plank | D48: =Rincian_Prog!I64 -> 2.3918424 | K48: =$D48*30% -> 0.71755273 | L48: =$D48*70% -> 1.6742897
A49: r | E49: =Rincian_Prog!M64 -> 0 | F49: =Rincian_Prog!S64 -> 0 | G49: =Rincian_Prog!Y64 -> 0 | H49: =Rincian_Prog!AE64 -> 0.47836848 | I49: =Rincian_Prog!AK64 -> 0.35877636 | J49: =Rincian_Prog!AQ64 -> 0.59796061 | K49: =Rincian_Prog!AW64 -> -1.4351055 | L49: =Rincian_Prog!BC64 -> 0 | M49: =Rincian_Prog!BI64 -> 0
A50: p | B50: =B48+1 -> 3 | C50: Pengadaan & pasang Partisi 2 muka | D50: =Rincian_Prog!I67 -> 1.8046279 | H50: =$D50*100% -> 1.8046279
A51: r | E51: =Rincian_Prog!M67 -> 0 | F51: =Rincian_Prog!S67 -> 0 | G51: =Rincian_Prog!Y67 -> 0 | H51: =Rincian_Prog!AE67 -> 0 | I51: =Rincian_Prog!AK67 -> 1.4437024 | J51: =Rincian_Prog!AQ67 -> 0.36092559 | K51: =Rincian_Prog!AW67 -> -1.8046279 | L51: =Rincian_Prog!BC67 -> 0 | M51: =Rincian_Prog!BI67 -> 0
A52: p | B52: =B50+1 -> 4 | C52: Pek Finishing Dinding dan Partisi | D52: =Rincian_Prog!I73 -> 0.26196212 | L52: =$D52*100% -> 0.26196212
A53: r | E53: =Rincian_Prog!M73 -> 0 | F53: =Rincian_Prog!S73 -> 0 | G53: =Rincian_Prog!Y73 -> 0 | H53: =Rincian_Prog!AE73 -> 0 | I53: =Rincian_Prog!AK73 -> 0 | J53: =Rincian_Prog!AQ73 -> 0.026196212 | K53: =Rincian_Prog!AW73 -> -0.026196212 | L53: =Rincian_Prog!BC73 -> 0 | M53: =Rincian_Prog!BI73 -> 0
A54: p | B54: =B52+1 -> 5 | C54: Pengadaan dan pasang plint lantai | D54: =Rincian_Prog!I76 -> 0.17249141 | K54: =$D54*30% -> 0.051747424 | L54: =$D54*70% -> 0.12074399
A55: r | E55: =Rincian_Prog!M76 -> 0 | F55: =Rincian_Prog!S76 -> 0 | G55: =Rincian_Prog!Y76 -> 0 | H55: =Rincian_Prog!AE76 -> 0 | I55: =Rincian_Prog!AK76 -> 0 | J55: =Rincian_Prog!AQ76 -> 0 | K55: =Rincian_Prog!AW76 -> 0 | L55: =Rincian_Prog!BC76 -> 0 | M55: =Rincian_Prog!BI76 -> 0
A56: p | B56: =B54+1 -> 6 | C56: Backdrop TV | D56: =Rincian_Prog!I79 -> 2.1838384 | K56: =$D56*30% -> 0.65515152 | L56: =$D56*70% -> 1.5286869
A57: r | E57: =Rincian_Prog!M79 -> 0 | F57: =Rincian_Prog!S79 -> 0 | G57: =Rincian_Prog!Y79 -> 0 | H57: =Rincian_Prog!AE79 -> 0 | I57: =Rincian_Prog!AK79 -> 0 | J57: =Rincian_Prog!AQ79 -> 0.87353535 | K57: =Rincian_Prog!AW79 -> -0.87353535 | L57: =Rincian_Prog!BC79 -> 0 | M57: =Rincian_Prog!BI79 -> 0
A58: p | B58: =B56+1 -> 7 | C58: Pengadaan & pasang Pintu Kaca | D58: =Rincian_Prog!I84 -> 1.187037 | K58: =$D58*40% -> 0.47481481 | L58: =$D58*60% -> 0.71222222
A59: r | E59: =Rincian_Prog!M84 -> 0 | F59: =Rincian_Prog!S84 -> 0 | G59: =Rincian_Prog!Y84 -> 0 | H59: =Rincian_Prog!AE84 -> 0 | I59: =Rincian_Prog!AK84 -> 0 | J59: =Rincian_Prog!AQ84 -> 0.47481481 | K59: =Rincian_Prog!AW84 -> -0.47481481 | L59: =Rincian_Prog!BC84 -> 0 | M59: =Rincian_Prog!BI84 -> 0
A60: p | B60: =B58+1 -> 8 | C60: Pengadaan & pasang Jendela Kaca Rangka Aluminium | D60: =Rincian_Prog!I88 -> 2.0457912 | K60: =$D60*40% -> 0.8183165 | L60: =$D60*60% -> 1.2274747
A61: r | E61: =Rincian_Prog!M88 -> 0 | F61: =Rincian_Prog!S88 -> 0 | G61: =Rincian_Prog!Y88 -> 0 | H61: =Rincian_Prog!AE88 -> 0 | I61: =Rincian_Prog!AK88 -> 0 | J61: =Rincian_Prog!AQ88 -> 0.8183165 | K61: =Rincian_Prog!AW88 -> -0.8183165 | L61: =Rincian_Prog!BC88 -> 0 | M61: =Rincian_Prog!BI88 -> 0
B62: II.C | C62: Pekerjaan Ruang Rapat Umum
A63: p | B63: 1 | C63: Screeding & levelling lantai | D63: =Rincian_Prog!I96 -> 0.43703636 | G63: =$D63*100% -> 0.43703636
A64: r | E64: =Rincian_Prog!M96 -> 0 | F64: =Rincian_Prog!S96 -> 0 | G64: =Rincian_Prog!Y96 -> 0.21851818 | H64: =Rincian_Prog!AE96 -> 0.21851818 | I64: =Rincian_Prog!AK96 -> 0 | J64: =Rincian_Prog!AQ96 -> 0 | K64: =Rincian_Prog!AW96 -> -0.43703636 | L64: =Rincian_Prog!BC96 -> 0 | M64: =Rincian_Prog!BI96 -> 0
A65: p | B65: =B63+1 -> 2 | C65: Pengadaan dan pasang penutup lantai Carpet Flowing Plank | D65: =Rincian_Prog!I98 -> 2.3918424 | K65: =$D65*100% -> 2.3918424
A66: r | E66: =Rincian_Prog!M98 -> 0 | F66: =Rincian_Prog!S98 -> 0 | G66: =Rincian_Prog!Y98 -> 0 | H66: =Rincian_Prog!AE98 -> 0.47836848 | I66: =Rincian_Prog!AK98 -> 0.35877636 | J66: =Rincian_Prog!AQ98 -> 0.59796061 | K66: =Rincian_Prog!AW98 -> -1.4351055 | L66: =Rincian_Prog!BC98 -> 0 | M66: =Rincian_Prog!BI98 -> 0
A67: p | B67: =B65+1 -> 3 | C67: Pengadaan & pasang Partisi 2 muka | D67: =Rincian_Prog!I101 -> 0.52261616 | H67: =$D67*100% -> 0.52261616
A68: r | E68: =Rincian_Prog!M101 -> 0 | F68: =Rincian_Prog!S101 -> 0 | G68: =Rincian_Prog!Y101 -> 0 | H68: =Rincian_Prog!AE101 -> 0 | I68: =Rincian_Prog!AK101 -> 0.41809293 | J68: =Rincian_Prog!AQ101 -> 0.10452323 | K68: =Rincian_Prog!AW101 -> -0.52261616 | L68: =Rincian_Prog!BC101 -> 0 | M68: =Rincian_Prog!BI101 -> 0
A69: p | B69: =B67+1 -> 4 | C69: Pek Finishing Dinding dan Partisi | D69: =Rincian_Prog!I107 -> 0.26399242 | K69: =$D69*20% -> 0.052798485 | L69: =$D69*80% -> 0.21119394
A70: r | E70: =Rincian_Prog!M107 -> 0 | F70: =Rincian_Prog!S107 -> 0 | G70: =Rincian_Prog!Y107 -> 0 | H70: =Rincian_Prog!AE107 -> 0 | I70: =Rincian_Prog!AK107 -> 0 | J70: =Rincian_Prog!AQ107 -> 0.026399242 | K70: =Rincian_Prog!AW107 -> -0.026399242 | L70: =Rincian_Prog!BC107 -> 0 | M70: =Rincian_Prog!BI107 -> 0
A71: p | B71: =B69+1 -> 5 | C71: Pengadaan dan pasang plint lantai | D71: =Rincian_Prog!I110 -> 0.046941919 | J71: =$D71*20% -> 0.0093883838 | K71: =$D71*80% -> 0.037553535
A72: r | E72: =Rincian_Prog!M110 -> 0 | F72: =Rincian_Prog!S110 -> 0 | G72: =Rincian_Prog!Y110 -> 0 | H72: =Rincian_Prog!AE110 -> 0 | I72: =Rincian_Prog!AK110 -> 0 | J72: =Rincian_Prog!AQ110 -> 0 | K72: =Rincian_Prog!AW110 -> 0 | L72: =Rincian_Prog!BC110 -> 0 | M72: =Rincian_Prog!BI110 -> 0
A73: p | B73: =B71+1 -> 6 | C73: Backdrop Ruang Rapat | D73: =Rincian_Prog!I113 -> 3.9441077 | L73: =$D73*70% -> 2.7608754 | M73: =$D73*30% -> 1.1832323
A74: r | E74: =Rincian_Prog!M113 -> 0 | F74: =Rincian_Prog!S113 -> 0 | G74: =Rincian_Prog!Y113 -> 0 | H74: =Rincian_Prog!AE113 -> 0 | I74: =Rincian_Prog!AK113 -> 0 | J74: =Rincian_Prog!AQ113 -> 1.5776431 | K74: =Rincian_Prog!AW113 -> -1.5776431 | L74: =Rincian_Prog!BC113 -> 0 | M74: =Rincian_Prog!BI113 -> 0
A75: p | B75: =B73+1 -> 7 | C75: Pengadaan & pasang Pintu Kaca | D75: =Rincian_Prog!I121 -> 1.187037 | K75: =$D75*40% -> 0.47481481 | L75: =$D75*60% -> 0.71222222
A76: r | E76: =Rincian_Prog!M121 -> 0 | F76: =Rincian_Prog!S121 -> 0 | G76: =Rincian_Prog!Y121 -> 0 | H76: =Rincian_Prog!AE121 -> 0 | I76: =Rincian_Prog!AK121 -> 0 | J76: =Rincian_Prog!AQ121 -> 0.47481481 | K76: =Rincian_Prog!AW121 -> -0.47481481 | L76: =Rincian_Prog!BC121 -> 0 | M76: =Rincian_Prog!BI121 -> 0
A77: p | B77: =B75+1 -> 8 | C77: Pengadaan & pasang Jendela Kaca Rangka Aluminium | D77: =Rincian_Prog!I125 -> 2.0457912 | K77: =$D77*40% -> 0.8183165 | L77: =$D77*60% -> 1.2274747
A78: r | E78: =Rincian_Prog!M125 -> 0 | F78: =Rincian_Prog!S125 -> 0 | G78: =Rincian_Prog!Y125 -> 0 | H78: =Rincian_Prog!AE125 -> 0 | I78: =Rincian_Prog!AK125 -> 0 | J78: =Rincian_Prog!AQ125 -> 0.8183165 | K78: =Rincian_Prog!AW125 -> -0.8183165 | L78: =Rincian_Prog!BC125 -> 0 | M78: =Rincian_Prog!BI125 -> 0
B79: II.D | C79: Pekerjaan Ruang Executive Director
A80: p | B80: 1 | C80: Screeding & levelling lantai | D80: =Rincian_Prog!I134 -> 0.50698737 | G80: =$D80*100% -> 0.50698737
A81: r | E81: =Rincian_Prog!M134 -> 0 | F81: =Rincian_Prog!S134 -> 0 | G81: =Rincian_Prog!Y134 -> 0.25349369 | H81: =Rincian_Prog!AE134 -> 0.25349369 | I81: =Rincian_Prog!AK134 -> 0 | J81: =Rincian_Prog!AQ134 -> 0 | K81: =Rincian_Prog!AW134 -> -0.50698737 | L81: =Rincian_Prog!BC134 -> 0 | M81: =Rincian_Prog!BI134 -> 0
A82: p | B82: =B80+1 -> 2 | C82: Pengadaan dan pasang penutup lantai Carpet Flowing Plank | D82: =Rincian_Prog!I136 -> 2.7746751 | K82: =$D82*100% -> 2.7746751
A83: r | E83: =Rincian_Prog!M136 -> 0 | F83: =Rincian_Prog!S136 -> 0 | G83: =Rincian_Prog!Y136 -> 0 | H83: =Rincian_Prog!AE136 -> 0.55493502 | I83: =Rincian_Prog!AK136 -> 0.41620126 | J83: =Rincian_Prog!AQ136 -> 0.69366877 | K83: =Rincian_Prog!AW136 -> -1.6648051 | L83: =Rincian_Prog!BC136 -> 0 | M83: =Rincian_Prog!BI136 -> 0
A84: p | B84: =B82+1 -> 3 | C84: Pengadaan & pasang Partisi 2 muka | D84: =Rincian_Prog!I139 -> 1.2745488 | H84: =$D84*50% -> 0.63727441 | I84: =$D84*50% -> 0.63727441
A85: r | E85: =Rincian_Prog!M139 -> 0 | F85: =Rincian_Prog!S139 -> 0 | G85: =Rincian_Prog!Y139 -> 0 | H85: =Rincian_Prog!AE139 -> 0 | I85: =Rincian_Prog!AK139 -> 1.0196391 | J85: =Rincian_Prog!AQ139 -> 0.25490976 | K85: =Rincian_Prog!AW139 -> -1.2745488 | L85: =Rincian_Prog!BC139 -> 0 | M85: =Rincian_Prog!BI139 -> 0
A86: p | B86: =B84+1 -> 4 | C86: Pek Finishing Dinding dan Partisi | D86: =Rincian_Prog!I145 -> 1.8941081 | L86: =$D86*100% -> 1.8941081
A87: r | E87: =Rincian_Prog!M145 -> 0 | F87: =Rincian_Prog!S145 -> 0 | G87: =Rincian_Prog!Y145 -> 0 | H87: =Rincian_Prog!AE145 -> 0 | I87: =Rincian_Prog!AK145 -> 0 | J87: =Rincian_Prog!AQ145 -> 0.18941081 | K87: =Rincian_Prog!AW145 -> -0.18941081 | L87: =Rincian_Prog!BC145 -> 0 | M87: =Rincian_Prog!BI145 -> 0
A88: p | B88: =B86+1 -> 5 | C88: Pengadaan dan pasang plint lantai | D88: =Rincian_Prog!I148 -> 0.17389747 | K88: =$D88*100% -> 0.17389747
A89: r | E89: =Rincian_Prog!M148 -> 0 | F89: =Rincian_Prog!S148 -> 0 | G89: =Rincian_Prog!Y148 -> 0 | H89: =Rincian_Prog!AE148 -> 0 | I89: =Rincian_Prog!AK148 -> 0 | J89: =Rincian_Prog!AQ148 -> 0 | K89: =Rincian_Prog!AW148 -> 0 | L89: =Rincian_Prog!BC148 -> 0 | M89: =Rincian_Prog!BI148 -> 0
A90: p | B90: =B88+1 -> 6 | C90: Pengadaan & pasang Pintu Kaca | D90: =Rincian_Prog!I151 -> 1.187037 | K90: =$D90*40% -> 0.47481481 | L90: =$D90*60% -> 0.71222222
A91: r | E91: =Rincian_Prog!M151 -> 0 | F91: =Rincian_Prog!S151 -> 0 | G91: =Rincian_Prog!Y151 -> 0 | H91: =Rincian_Prog!AE151 -> 0 | I91: =Rincian_Prog!AK151 -> 0 | J91: =Rincian_Prog!AQ151 -> 0.47481481 | K91: =Rincian_Prog!AW151 -> -0.47481481 | L91: =Rincian_Prog!BC151 -> 0 | M91: =Rincian_Prog!BI151 -> 0
A92: p | B92: =B90+1 -> 7 | C92: Pengadaan & pasang Jendela Kaca Rangka Aluminium | D92: =Rincian_Prog!I155 -> 1.10217 | K92: =$D92*40% -> 0.44086801 | L92: =$D92*60% -> 0.66130202
A93: r | E93: =Rincian_Prog!M155 -> 0 | F93: =Rincian_Prog!S155 -> 0 | G93: =Rincian_Prog!Y155 -> 0 | H93: =Rincian_Prog!AE155 -> 0 | I93: =Rincian_Prog!AK155 -> 0 | J93: =Rincian_Prog!AQ155 -> 0.44086801 | K93: =Rincian_Prog!AW155 -> -0.44086801 | L93: =Rincian_Prog!BC155 -> 0 | M93: =Rincian_Prog!BI155 -> 0
A94: p | B94: =B92+1 -> 8 | C94: Backdrop TV | D94: =Rincian_Prog!I160 -> 2.1838384 | M94: =$D94*100% -> 2.1838384
A95: r | E95: =Rincian_Prog!M160 -> 0 | F95: =Rincian_Prog!S160 -> 0 | G95: =Rincian_Prog!Y160 -> 0 | H95: =Rincian_Prog!AE160 -> 0 | I95: =Rincian_Prog!AK160 -> 0 | J95: =Rincian_Prog!AQ160 -> 0.87353535 | K95: =Rincian_Prog!AW160 -> -0.87353535 | L95: =Rincian_Prog!BC160 -> 0 | M95: =Rincian_Prog!BI160 -> 0
B96: III | C96: PEKERJAAN MEKANIKAL ELEKTRIKAL
B97: III.A | C97: Pekerjaan Elektrikal
A98: p | B98: 1 | C98: Penambahan MCB switch 10A / 1 phase | D98: =Rincian_Prog!I172 -> 0.054208754 | H98: =$D98*100% -> 0.054208754
A99: r | E99: =Rincian_Prog!M172 -> 0 | F99: =Rincian_Prog!S172 -> 0 | G99: =Rincian_Prog!Y172 -> 0 | H99: =Rincian_Prog!AE172 -> 0 | I99: =Rincian_Prog!AK172 -> 0 | J99: =Rincian_Prog!AQ172 -> 0 | K99: =Rincian_Prog!AW172 -> 0 | L99: =Rincian_Prog!BC172 -> 0 | M99: =Rincian_Prog!BI172 -> 0
A100: p | B100: =B98+1 -> 2 | C100: Kabel power tipe NYY uk. ….. | D100: =Rincian_Prog!I173 -> 10.959596 | H100: =$D100*15% -> 1.6439394 | I100: =$D100*15% -> 1.6439394 | J100: =$D100*15% -> 1.6439394 | K100: =$D100*25% -> 2.739899 | L100: =$D100*30% -> 3.2878788
A101: r | E101: =Rincian_Prog!M173 -> 0 | F101: =Rincian_Prog!S173 -> 0 | G101: =Rincian_Prog!Y173 -> 0 | H101: =Rincian_Prog!AE173 -> 0 | I101: =Rincian_Prog!AK173 -> 0 | J101: =Rincian_Prog!AQ173 -> 0 | K101: =Rincian_Prog!AW173 -> 0 | L101: =Rincian_Prog!BC173 -> 0 | M101: =Rincian_Prog!BI173 -> 0
...

Sheet Visual
A1: LAPORAN VISUAL | E1: LAPORAN VISUAL | I1: LAPORAN VISUAL | M1: LAPORAN VISUAL | Q1: LAPORAN VISUAL
A2: =Cover!C7 -> PEMBUATAN INTERIOR KANTOR REGIONAL III PT ASDP INDONESIA FERRY | C2: MINGGU : | D2: 1 | E2: =A2 -> PEMBUATAN INTERIOR KANTOR REGIONAL III PT ASDP INDONESIA FERRY | G2: MINGGU : | H2: 2 | I2: =A2 -> PEMBUATAN INTERIOR KANTOR REGIONAL III PT ASDP INDONESIA FERRY | K2: MINGGU : | L2: =H2+1 -> 3 | M2: =I2 -> PEMBUATAN INTERIOR KANTOR REGIONAL III PT ASDP INDONESIA FERRY | O2: MINGGU : | P2: =L2+1 -> 4 | Q2: =M2 -> PEMBUATAN INTERIOR KANTOR REGIONAL III PT ASDP INDONESIA FERRY | S2: MINGGU : | T2: =P2 -> 4
A3: LOKASI | B3: =": " & Cover!$E$9 -> : SURABAYA | C3: =VLOOKUP(D2,mingguanptasdp,2) -> 46226 | E3: LOKASI | F3: =": " & Cover!$E$9 -> : SURABAYA | G3: =VLOOKUP(H2,mingguanptasdp,2) -> 46230 | I3: LOKASI | J3: =": " & Cover!$E$9 -> : SURABAYA | K3: =VLOOKUP(L2,mingguanptasdp,2) -> 46237 | M3: LOKASI | N3: =": " & Cover!$E$9 -> : SURABAYA | O3: =VLOOKUP(P2,mingguanptasdp,2) -> 46244 | Q3: LOKASI | R3: =": " & Cover!$E$9 -> : SURABAYA | S3: =VLOOKUP(T2,mingguanptasdp,2) -> 46244
A4: TAHUN | B4: =Cover!$E$41 -> 46226 | C4: =VLOOKUP(D2,mingguanptasdp,3) -> 46229 | E4: TAHUN | F4: =Cover!$E$41 -> 46226 | G4: =VLOOKUP(H2,mingguanptasdp,3) -> 46236 | I4: TAHUN | J4: =Cover!$E$41 -> 46226 | K4: =VLOOKUP(L2,mingguanptasdp,3) -> 46243 | M4: TAHUN | N4: =Cover!$E$41 -> 46226 | O4: =VLOOKUP(P2,mingguanptasdp,3) -> 46250 | Q4: TAHUN | R4: =Cover!$E$41 -> 46226 | S4: =VLOOKUP(T2,mingguanptasdp,3) -> 46250
A57: LAPORAN VISUAL | E57: LAPORAN VISUAL | I57: LAPORAN VISUAL
A58: =A2 -> PEMBUATAN INTERIOR KANTOR REGIONAL III PT ASDP INDONESIA FERRY | C58: MINGGU : | D58: =T2+1 -> 5 | E58: =A58 -> PEMBUATAN INTERIOR KANTOR REGIONAL III PT ASDP INDONESIA FERRY | G58: MINGGU : | H58: =D58 -> 5 | I58: =A58 -> PEMBUATAN INTERIOR KANTOR REGIONAL III PT ASDP INDONESIA FERRY | K58: MINGGU : | L58: =H58 -> 5
A59: LOKASI | B59: =": " & Cover!$E$9 -> : SURABAYA | C59: =VLOOKUP(D58,mingguanptasdp,2) -> 46251 | E59: LOKASI | F59: =": " & Cover!$E$9 -> : SURABAYA | G59: =VLOOKUP(H58,mingguanptasdp,2) -> 46251 | I59: LOKASI | J59: =": " & Cover!$E$9 -> : SURABAYA | K59: =VLOOKUP(L58,mingguanptasdp,2) -> 46251
A60: TAHUN | B60: =Cover!$E$41 -> 46226 | C60: =VLOOKUP(D58,mingguanptasdp,3) -> 46257 | E60: TAHUN | F60: =Cover!$E$41 -> 46226 | G60: =VLOOKUP(H58,mingguanptasdp,3) -> 46257 | I60: TAHUN | J60: =Cover!$E$41 -> 46226 | K60: =VLOOKUP(L58,mingguanptasdp,3) -> 46257
A113: LAPORAN VISUAL | E113: LAPORAN VISUAL | I113: LAPORAN VISUAL | M113: LAPORAN VISUAL | Q113: LAPORAN VISUAL
A114: =A58 -> PEMBUATAN INTERIOR KANTOR REGIONAL III PT ASDP INDONESIA FERRY | C114: MINGGU : | D114: =L58+1 -> 6 | E114: =A114 -> PEMBUATAN INTERIOR KANTOR REGIONAL III PT ASDP INDONESIA FERRY | G114: MINGGU : | H114: =D114 -> 6 | I114: =A114 -> PEMBUATAN INTERIOR KANTOR REGIONAL III PT ASDP INDONESIA FERRY | K114: MINGGU : | L114: =H114 -> 6 | M114: =E114 -> PEMBUATAN INTERIOR KANTOR REGIONAL III PT ASDP INDONESIA FERRY | O114: MINGGU : | P114: =L114+1 -> 7 | Q114: =I114 -> PEMBUATAN INTERIOR KANTOR REGIONAL III PT ASDP INDONESIA FERRY | S114: MINGGU : | T114: =P114+1 -> 8
A115: LOKASI | B115: =": " & Cover!$E$9 -> : SURABAYA | C115: =VLOOKUP(D114,mingguanptasdp,2) -> 46258 | E115: LOKASI | F115: =": " & Cover!$E$9 -> : SURABAYA | G115: =VLOOKUP(H114,mingguanptasdp,2) -> 46258 | I115: LOKASI | J115: =": " & Cover!$E$9 -> : SURABAYA | K115: =VLOOKUP(L114,mingguanptasdp,2) -> 46258 | M115: LOKASI | N115: =": " & Cover!$E$9 -> : SURABAYA | O115: =VLOOKUP(P114,mingguanptasdp,2) -> 46265 | Q115: LOKASI | R115: =": " & Cover!$E$9 -> : SURABAYA | S115: =VLOOKUP(T114,mingguanptasdp,2) -> 46272
A116: TAHUN | B116: =Cover!$E$41 -> 46226 | C116: =VLOOKUP(D114,mingguanptasdp,3) -> 46264 | E116: TAHUN | F116: =Cover!$E$41 -> 46226 | G116: =VLOOKUP(H114,mingguanptasdp,3) -> 46264 | I116: TAHUN | J116: =Cover!$E$41 -> 46226 | K116: =VLOOKUP(L114,mingguanptasdp,3) -> 46264 | M116: TAHUN | N116: =Cover!$E$41 -> 46226 | O116: =VLOOKUP(P114,mingguanptasdp,3) -> 46271 | Q116: TAHUN | R116: =Cover!$E$41 -> 46226 | S116: =VLOOKUP(T114,mingguanptasdp,3) -> 46278
A169: LAPORAN VISUAL | E169: LAPORAN VISUAL | I169: LAPORAN VISUAL | M169: LAPORAN VISUAL | Q169: LAPORAN VISUAL
A170: =A114 -> PEMBUATAN INTERIOR KANTOR REGIONAL III PT ASDP INDONESIA FERRY | C170: MINGGU : | D170: =L114+1 -> 7 | E170: =A170 -> PEMBUATAN INTERIOR KANTOR REGIONAL III PT ASDP INDONESIA FERRY | G170: MINGGU : | H170: =D170 -> 7 | I170: =A170 -> PEMBUATAN INTERIOR KANTOR REGIONAL III PT ASDP INDONESIA FERRY | K170: MINGGU : | L170: =H170 -> 7 | M170: =E170 -> PEMBUATAN INTERIOR KANTOR REGIONAL III PT ASDP INDONESIA FERRY | O170: MINGGU : | P170: =L170+1 -> 8 | Q170: =I170 -> PEMBUATAN INTERIOR KANTOR REGIONAL III PT ASDP INDONESIA FERRY | S170: MINGGU : | T170: =P170+1 -> 9
A171: LOKASI | B171: =": " & Cover!$E$9 -> : SURABAYA | C171: =VLOOKUP(D170,mingguanptasdp,2) -> 46265 | E171: LOKASI | F171: =": " & Cover!$E$9 -> : SURABAYA | G171: =VLOOKUP(H170,mingguanptasdp,2) -> 46265 | I171: LOKASI | J171: =": " & Cover!$E$9 -> : SURABAYA | K171: =VLOOKUP(L170,mingguanptasdp,2) -> 46265 | M171: LOKASI | N171: =": " & Cover!$E$9 -> : SURABAYA | O171: =VLOOKUP(P170,mingguanptasdp,2) -> 46272 | Q171: LOKASI | R171: =": " & Cover!$E$9 -> : SURABAYA | S171: =VLOOKUP(T170,mingguanptasdp,2) -> 46279
A172: TAHUN | B172: =Cover!$E$41 -> 46226 | C172: =VLOOKUP(D170,mingguanptasdp,3) -> 46271 | E172: TAHUN | F172: =Cover!$E$41 -> 46226 | G172: =VLOOKUP(H170,mingguanptasdp,3) -> 46271 | I172: TAHUN | J172: =Cover!$E$41 -> 46226 | K172: =VLOOKUP(L170,mingguanptasdp,3) -> 46271 | M172: TAHUN | N172: =Cover!$E$41 -> 46226 | O172: =VLOOKUP(P170,mingguanptasdp,3) -> 46278 | Q172: TAHUN | R172: =Cover!$E$41 -> 46226 | S172: =VLOOKUP(T170,mingguanptasdp,3) -> 46285
